size;resolution;mask_size;nanoseconds
5;1280x720;3x3;27170400
5;1280x720;5x5;91548000
5;1280x720;7x7;181688900
5;1280x720;9x9;324227100
5;1280x720;11x11;477926200
5;1280x720;13x13;948648000
5;1280x720;15x15;1365668000
4;640x360;3x3;11229600
4;640x360;5x5;41481600
4;640x360;7x7;56408100
4;640x360;9x9;121988400
4;640x360;11x11;139618800
4;640x360;13x13;238087500
4;640x360;15x15;292397300
3;320x180;3x3;3627400
3;320x180;5x5;10808100
3;320x180;7x7;17383500
3;320x180;9x9;31812900
3;320x180;11x11;44347800
3;320x180;13x13;53283300
3;320x180;15x15;59267600
2;160x90;3x3;490100
2;160x90;5x5;1409800
2;160x90;7x7;2905300
2;160x90;9x9;5340100
2;160x90;11x11;7346500
2;160x90;13x13;11202600
2;160x90;15x15;20503600
1;80x45;3x3;120400
1;80x45;5x5;511900
1;80x45;7x7;924300
1;80x45;9x9;1431900
1;80x45;11x11;1832500
1;80x45;13x13;2906800
1;80x45;15x15;3631500
5;1280x720;3x3;28428600
5;1280x720;5x5;93044600
5;1280x720;7x7;182894100
5;1280x720;9x9;327617400
5;1280x720;11x11;484222900
5;1280x720;13x13;682715600
5;1280x720;15x15;894491600
4;640x360;3x3;6545300
4;640x360;5x5;22722900
4;640x360;7x7;44247800
4;640x360;9x9;79475400
4;640x360;11x11;117067500
4;640x360;13x13;174156700
4;640x360;15x15;226048800
3;320x180;3x3;1682200
3;320x180;5x5;5695100
3;320x180;7x7;11065300
3;320x180;9x9;19442900
3;320x180;11x11;28400700
3;320x180;13x13;42084200
3;320x180;15x15;54647700
2;160x90;3x3;428300
2;160x90;5x5;1459400
2;160x90;7x7;2803400
2;160x90;9x9;4840900
2;160x90;11x11;7115200
2;160x90;13x13;10110200
2;160x90;15x15;13173300
1;80x45;3x3;102000
1;80x45;5x5;343100
1;80x45;7x7;673500
1;80x45;9x9;1167400
1;80x45;11x11;1711300
1;80x45;13x13;2452800
1;80x45;15x15;3176700
5;1280x720;3x3;28125300
5;1280x720;5x5;94944500
5;1280x720;7x7;183476700
5;1280x720;9x9;327427400
5;1280x720;11x11;474613700
5;1280x720;13x13;698229300
5;1280x720;15x15;918504600
4;640x360;3x3;6983800
4;640x360;5x5;24266800
4;640x360;7x7;46623000
4;640x360;9x9;82232500
4;640x360;11x11;119689500
4;640x360;13x13;172783000
4;640x360;15x15;241258400
3;320x180;3x3;1655400
3;320x180;5x5;5642700
3;320x180;7x7;10981000
3;320x180;9x9;19574900
3;320x180;11x11;28718000
3;320x180;13x13;42350300
3;320x180;15x15;55548900
2;160x90;3x3;421800
2;160x90;5x5;1440500
2;160x90;7x7;2735000
2;160x90;9x9;4979800
2;160x90;11x11;7216200
2;160x90;13x13;10542700
2;160x90;15x15;13520700
1;80x45;3x3;103300
1;80x45;5x5;352000
1;80x45;7x7;690700
1;80x45;9x9;1194700
1;80x45;11x11;1739500
1;80x45;13x13;2421400
1;80x45;15x15;3167900
5;1280x720;3x3;28543700
5;1280x720;5x5;96710500
5;1280x720;7x7;187968000
5;1280x720;9x9;323337100
5;1280x720;11x11;475791500
5;1280x720;13x13;698187700
5;1280x720;15x15;1000962200
4;640x360;3x3;9358300
4;640x360;5x5;26341900
4;640x360;7x7;46055300
4;640x360;9x9;85635300
4;640x360;11x11;126893300
4;640x360;13x13;187342800
4;640x360;15x15;243921600
3;320x180;3x3;1707500
3;320x180;5x5;5712500
3;320x180;7x7;11229200
3;320x180;9x9;20280500
3;320x180;11x11;32382000
3;320x180;13x13;61467300
3;320x180;15x15;59948200
2;160x90;3x3;427200
2;160x90;5x5;1472000
2;160x90;7x7;2859800
2;160x90;9x9;5043000
2;160x90;11x11;7097800
2;160x90;13x13;10295600
2;160x90;15x15;14310100
1;80x45;3x3;104900
1;80x45;5x5;344900
1;80x45;7x7;663300
1;80x45;9x9;1206700
1;80x45;11x11;1695600
1;80x45;13x13;2457300
1;80x45;15x15;3243300
5;1280x720;3x3;31203800
5;1280x720;5x5;126735200
5;1280x720;7x7;238168000
5;1280x720;9x9;488200600
5;1280x720;11x11;711426400
5;1280x720;13x13;1087814900
5;1280x720;15x15;1464906300
4;640x360;3x3;9969600
4;640x360;5x5;43837800
4;640x360;7x7;54445800
4;640x360;9x9;112395800
4;640x360;11x11;134100600
4;640x360;13x13;221738200
4;640x360;15x15;266662700
3;320x180;3x3;2310500
3;320x180;5x5;7052100
3;320x180;7x7;12688300
3;320x180;9x9;25085500
3;320x180;11x11;35413800
3;320x180;13x13;49742200
3;320x180;15x15;62609600
2;160x90;3x3;578400
2;160x90;5x5;1727500
2;160x90;7x7;3245000
2;160x90;9x9;5440600
2;160x90;11x11;7925400
2;160x90;13x13;11535100
2;160x90;15x15;15937000
1;80x45;3x3;144500
1;80x45;5x5;433900
1;80x45;7x7;802700
1;80x45;9x9;1367600
1;80x45;11x11;1961000
1;80x45;13x13;2857500
1;80x45;15x15;3643000
5;1280x720;3x3;36658900
5;1280x720;5x5;128031000
5;1280x720;7x7;231527700
5;1280x720;9x9;394564700
5;1280x720;11x11;561604200
5;1280x720;13x13;846811100
5;1280x720;15x15;1082720000
4;640x360;3x3;8608600
4;640x360;5x5;25771800
4;640x360;7x7;48902300
4;640x360;9x9;101001700
4;640x360;11x11;147003700
4;640x360;13x13;207170900
4;640x360;15x15;240691300
3;320x180;3x3;1734600
3;320x180;5x5;5930200
3;320x180;7x7;12337800
3;320x180;9x9;21988400
3;320x180;11x11;36494100
3;320x180;13x13;44139500
3;320x180;15x15;60747000
2;160x90;3x3;440600
2;160x90;5x5;1505900
2;160x90;7x7;3039900
2;160x90;9x9;5623000
2;160x90;11x11;7818200
2;160x90;13x13;11038100
2;160x90;15x15;14857400
1;80x45;3x3;103200
1;80x45;5x5;346100
1;80x45;7x7;686700
1;80x45;9x9;1161000
1;80x45;11x11;1704500
1;80x45;13x13;2470100
1;80x45;15x15;3149400
5;1280x720;3x3;30667700
5;1280x720;5x5;105542900
5;1280x720;7x7;201729900
5;1280x720;9x9;367126200
5;1280x720;11x11;533853200
5;1280x720;13x13;798044700
5;1280x720;15x15;1447460500
4;640x360;3x3;14343000
4;640x360;5x5;46588300
4;640x360;7x7;74158800
4;640x360;9x9;133377300
4;640x360;11x11;206969300
4;640x360;13x13;224656000
4;640x360;15x15;320574300
3;320x180;3x3;2498300
3;320x180;5x5;7125100
3;320x180;7x7;13272100
3;320x180;9x9;23182000
3;320x180;11x11;33473100
3;320x180;13x13;47371700
3;320x180;15x15;56953200
2;160x90;3x3;410900
2;160x90;5x5;1396900
2;160x90;7x7;2690800
2;160x90;9x9;7369700
2;160x90;11x11;13690700
2;160x90;13x13;21196300
2;160x90;15x15;25610600
1;80x45;3x3;245000
1;80x45;5x5;724800
1;80x45;7x7;858200
1;80x45;9x9;1905700
1;80x45;11x11;1675500
1;80x45;13x13;3505600
1;80x45;15x15;3272200
5;1280x720;3x3;47479100
5;1280x720;5x5;159061900
5;1280x720;7x7;253848900
5;1280x720;9x9;530085000
5;1280x720;11x11;762455700
5;1280x720;13x13;1198784500
5;1280x720;15x15;1537918400
4;640x360;3x3;16137700
4;640x360;5x5;40310600
4;640x360;7x7;79328800
4;640x360;9x9;130067700
4;640x360;11x11;212758900
4;640x360;13x13;319144000
4;640x360;15x15;395909000
3;320x180;3x3;5379200
3;320x180;5x5;11980100
3;320x180;7x7;23848000
3;320x180;9x9;40777600
3;320x180;11x11;50393800
3;320x180;13x13;90831500
3;320x180;15x15;96761600
2;160x90;3x3;887500
2;160x90;5x5;3012200
2;160x90;7x7;4405300
2;160x90;9x9;5045200
2;160x90;11x11;6975100
2;160x90;13x13;14057500
2;160x90;15x15;16708700
1;80x45;3x3;106800
1;80x45;5x5;351200
1;80x45;7x7;691100
1;80x45;9x9;1207900
1;80x45;11x11;1729100
1;80x45;13x13;2452900
1;80x45;15x15;3121500
5;1280x720;3x3;30195500
5;1280x720;5x5;145558200
5;1280x720;7x7;287664600
5;1280x720;9x9;401437700
5;1280x720;11x11;674885000
5;1280x720;13x13;755932200
5;1280x720;15x15;1002985200
4;640x360;3x3;6724600
4;640x360;5x5;23258600
4;640x360;7x7;45881100
4;640x360;9x9;91258000
4;640x360;11x11;150145500
4;640x360;13x13;188735100
4;640x360;15x15;253717600
3;320x180;3x3;1821900
3;320x180;5x5;6091700
3;320x180;7x7;13072800
3;320x180;9x9;22138300
3;320x180;11x11;33169400
3;320x180;13x13;43455200
3;320x180;15x15;59503400
2;160x90;3x3;418500
2;160x90;5x5;1425300
2;160x90;7x7;2754400
2;160x90;9x9;4937500
2;160x90;11x11;7112600
2;160x90;13x13;20437100
2;160x90;15x15;15198700
1;80x45;3x3;164400
1;80x45;5x5;463800
1;80x45;7x7;805000
1;80x45;9x9;1182100
1;80x45;11x11;1681300
1;80x45;13x13;2503300
1;80x45;15x15;3687900
5;1280x720;3x3;27616900
5;1280x720;5x5;109167000
5;1280x720;7x7;249060800
5;1280x720;9x9;505386800
5;1280x720;11x11;713522000
5;1280x720;13x13;833204100
5;1280x720;15x15;1085787200
4;640x360;3x3;14754600
4;640x360;5x5;39479000
4;640x360;7x7;55882800
4;640x360;9x9;98605500
4;640x360;11x11;144444700
4;640x360;13x13;219791200
4;640x360;15x15;286591500
3;320x180;3x3;2359700
3;320x180;5x5;7060500
3;320x180;7x7;12693400
3;320x180;9x9;21815500
3;320x180;11x11;34481800
3;320x180;13x13;46430700
3;320x180;15x15;61598500
2;160x90;3x3;558000
2;160x90;5x5;1740200
2;160x90;7x7;3181800
2;160x90;9x9;5123400
2;160x90;11x11;7886100
2;160x90;13x13;11087600
2;160x90;15x15;14226100
1;80x45;3x3;134900
1;80x45;5x5;415400
1;80x45;7x7;760500
1;80x45;9x9;1327300
1;80x45;11x11;2078800
1;80x45;13x13;2830600
1;80x45;15x15;3313100
5;1280x720;3x3;37618800
5;1280x720;5x5;113054200
5;1280x720;7x7;206889800
5;1280x720;9x9;416023000
5;1280x720;11x11;624305000
5;1280x720;13x13;918116000
5;1280x720;15x15;1221967000
4;640x360;3x3;6921600
4;640x360;5x5;35722400
4;640x360;7x7;58842000
4;640x360;9x9;106933800
4;640x360;11x11;174641600
4;640x360;13x13;219551700
4;640x360;15x15;281593100
3;320x180;3x3;2973200
3;320x180;5x5;10875100
3;320x180;7x7;18002300
3;320x180;9x9;27097700
3;320x180;11x11;42360400
3;320x180;13x13;63830600
3;320x180;15x15;77724600
2;160x90;3x3;440100
2;160x90;5x5;3185400
2;160x90;7x7;4786800
2;160x90;9x9;5185500
2;160x90;11x11;7293800
2;160x90;13x13;10840400
2;160x90;15x15;16939900
1;80x45;3x3;224300
1;80x45;5x5;736600
1;80x45;7x7;1439300
1;80x45;9x9;1585200
1;80x45;11x11;1817300
1;80x45;13x13;2523900
1;80x45;15x15;3340900
5;1280x720;3x3;38655100
5;1280x720;5x5;119581600
5;1280x720;7x7;216986200
5;1280x720;9x9;383194500
5;1280x720;11x11;575206000
5;1280x720;13x13;792442200
5;1280x720;15x15;1032685300
4;640x360;3x3;6861200
4;640x360;5x5;29903100
4;640x360;7x7;47373800
4;640x360;9x9;92831300
4;640x360;11x11;151359000
4;640x360;13x13;203240900
4;640x360;15x15;242565500
3;320x180;3x3;1783800
3;320x180;5x5;5725500
3;320x180;7x7;11101700
3;320x180;9x9;26532600
3;320x180;11x11;29063600
3;320x180;13x13;44611100
3;320x180;15x15;54708000
2;160x90;3x3;475900
2;160x90;5x5;1416400
2;160x90;7x7;2932800
2;160x90;9x9;5653600
2;160x90;11x11;8931500
2;160x90;13x13;13523000
2;160x90;15x15;15356500
1;80x45;3x3;101400
1;80x45;5x5;337100
1;80x45;7x7;718400
1;80x45;9x9;1142900
1;80x45;11x11;1640700
1;80x45;13x13;2379400
1;80x45;15x15;5668600
5;1280x720;3x3;36656700
5;1280x720;5x5;123865400
5;1280x720;7x7;267914300
5;1280x720;9x9;491554100
5;1280x720;11x11;550659200
5;1280x720;13x13;767781200
5;1280x720;15x15;975885800
4;640x360;3x3;7147000
4;640x360;5x5;27616500
4;640x360;7x7;53968000
4;640x360;9x9;94504200
4;640x360;11x11;148169800
4;640x360;13x13;196967000
4;640x360;15x15;262016300
3;320x180;3x3;2379600
3;320x180;5x5;7426800
3;320x180;7x7;13795600
3;320x180;9x9;24077600
3;320x180;11x11;34663100
3;320x180;13x13;49269800
3;320x180;15x15;70049300
2;160x90;3x3;1347200
2;160x90;5x5;3874300
2;160x90;7x7;5547100
2;160x90;9x9;6316500
2;160x90;11x11;8274800
2;160x90;13x13;12282100
2;160x90;15x15;14987000
1;80x45;3x3;156800
1;80x45;5x5;444300
1;80x45;7x7;817900
1;80x45;9x9;1378300
1;80x45;11x11;2046900
1;80x45;13x13;2597700
1;80x45;15x15;3177800
5;1280x720;3x3;27187500
5;1280x720;5x5;91562100
5;1280x720;7x7;185426500
5;1280x720;9x9;321863300
5;1280x720;11x11;467286600
5;1280x720;13x13;711191000
5;1280x720;15x15;922721200
4;640x360;3x3;6938200
4;640x360;5x5;23913100
4;640x360;7x7;46376300
4;640x360;9x9;82563900
4;640x360;11x11;121697000
4;640x360;13x13;177195400
4;640x360;15x15;226188500
3;320x180;3x3;1692100
3;320x180;5x5;5828900
3;320x180;7x7;11648400
3;320x180;9x9;20309100
3;320x180;11x11;29554900
3;320x180;13x13;43585600
3;320x180;15x15;58028000
2;160x90;3x3;441200
2;160x90;5x5;1498300
2;160x90;7x7;2898700
2;160x90;9x9;5004300
2;160x90;11x11;7481300
2;160x90;13x13;10806300
2;160x90;15x15;14145000
1;80x45;3x3;116300
1;80x45;5x5;364700
1;80x45;7x7;713900
1;80x45;9x9;1253900
1;80x45;11x11;1811000
1;80x45;13x13;2564600
1;80x45;15x15;3336800
5;1280x720;3x3;28195000
5;1280x720;5x5;95838600
5;1280x720;7x7;192777600
5;1280x720;9x9;384940200
5;1280x720;11x11;516336700
5;1280x720;13x13;757094000
5;1280x720;15x15;1012838000
4;640x360;3x3;9354300
4;640x360;5x5;32869900
4;640x360;7x7;68785300
4;640x360;9x9;100995600
4;640x360;11x11;138121500
4;640x360;13x13;189749700
4;640x360;15x15;258915400
3;320x180;3x3;2574200
3;320x180;5x5;6041700
3;320x180;7x7;15385500
3;320x180;9x9;27974300
3;320x180;11x11;33212900
3;320x180;13x13;47268500
3;320x180;15x15;72382100
2;160x90;3x3;544500
2;160x90;5x5;1864400
2;160x90;7x7;3345900
2;160x90;9x9;5742100
2;160x90;11x11;7868600
2;160x90;13x13;10960400
2;160x90;15x15;14843800
1;80x45;3x3;139900
1;80x45;5x5;448500
1;80x45;7x7;800000
1;80x45;9x9;1330900
1;80x45;11x11;1938600
1;80x45;13x13;2708100
1;80x45;15x15;3491700
5;1280x720;3x3;36673600
5;1280x720;5x5;114896900
5;1280x720;7x7;208090100
5;1280x720;9x9;377115000
5;1280x720;11x11;544438400
5;1280x720;13x13;790693800
5;1280x720;15x15;969963300
4;640x360;3x3;8027200
4;640x360;5x5;23881600
4;640x360;7x7;63634600
4;640x360;9x9;96332400
4;640x360;11x11;145075400
4;640x360;13x13;205287200
4;640x360;15x15;256911900
3;320x180;3x3;2731200
3;320x180;5x5;6084300
3;320x180;7x7;16702400
3;320x180;9x9;19994400
3;320x180;11x11;30752200
3;320x180;13x13;41147500
3;320x180;15x15;69364300
2;160x90;3x3;418900
2;160x90;5x5;1382400
2;160x90;7x7;2672900
2;160x90;9x9;5513500
2;160x90;11x11;10555100
2;160x90;13x13;10376000
2;160x90;15x15;15413700
1;80x45;3x3;102700
1;80x45;5x5;455500
1;80x45;7x7;690300
1;80x45;9x9;1218500
1;80x45;11x11;1867200
1;80x45;13x13;3155200
1;80x45;15x15;3771400
5;1280x720;3x3;27947900
5;1280x720;5x5;106100400
5;1280x720;7x7;219012000
5;1280x720;9x9;359029100
5;1280x720;11x11;540734800
5;1280x720;13x13;805614000
5;1280x720;15x15;1035585300
4;640x360;3x3;6635900
4;640x360;5x5;22615200
4;640x360;7x7;51861200
4;640x360;9x9;97420500
4;640x360;11x11;133437900
4;640x360;13x13;197490600
4;640x360;15x15;244660500
3;320x180;3x3;1657500
3;320x180;5x5;5706600
3;320x180;7x7;11084700
3;320x180;9x9;19406900
3;320x180;11x11;28356600
3;320x180;13x13;42287000
3;320x180;15x15;70041700
2;160x90;3x3;429300
2;160x90;5x5;1459400
2;160x90;7x7;2708000
2;160x90;9x9;4795100
2;160x90;11x11;6917700
2;160x90;13x13;10026000
2;160x90;15x15;13238300
1;80x45;3x3;98900
1;80x45;5x5;385400
1;80x45;7x7;650700
1;80x45;9x9;1149200
1;80x45;11x11;1644300
1;80x45;13x13;2403800
1;80x45;15x15;3035600
5;1280x720;3x3;30207200
5;1280x720;5x5;111005100
5;1280x720;7x7;224032000
5;1280x720;9x9;402054500
5;1280x720;11x11;547734300
5;1280x720;13x13;1104182500
5;1280x720;15x15;1180768700
4;640x360;3x3;9767700
4;640x360;5x5;27859300
4;640x360;7x7;53123800
4;640x360;9x9;95407800
4;640x360;11x11;149364100
4;640x360;13x13;197118700
4;640x360;15x15;280946900
3;320x180;3x3;2418400
3;320x180;5x5;7510400
3;320x180;7x7;12675800
3;320x180;9x9;23170300
3;320x180;11x11;40985400
3;320x180;13x13;47662400
3;320x180;15x15;59925900
2;160x90;3x3;562600
2;160x90;5x5;1759500
2;160x90;7x7;3373300
2;160x90;9x9;5504400
2;160x90;11x11;7804200
2;160x90;13x13;14557100
2;160x90;15x15;16281000
1;80x45;3x3;145600
1;80x45;5x5;467200
1;80x45;7x7;807200
1;80x45;9x9;1407500
1;80x45;11x11;2098400
1;80x45;13x13;2764700
1;80x45;15x15;3527800
5;1280x720;3x3;36098200
5;1280x720;5x5;110444600
5;1280x720;7x7;290555300
5;1280x720;9x9;479972600
5;1280x720;11x11;798673300
5;1280x720;13x13;1110842700
5;1280x720;15x15;1388379000
4;640x360;3x3;9915400
4;640x360;5x5;36585000
4;640x360;7x7;84988900
4;640x360;9x9;130092900
4;640x360;11x11;134250300
4;640x360;13x13;259201300
4;640x360;15x15;280772000
3;320x180;3x3;3342000
3;320x180;5x5;7416600
3;320x180;7x7;19188000
3;320x180;9x9;28797900
3;320x180;11x11;32316000
3;320x180;13x13;59698200
3;320x180;15x15;69985600
2;160x90;3x3;913400
2;160x90;5x5;3070700
2;160x90;7x7;4882300
2;160x90;9x9;7100300
2;160x90;11x11;8692400
2;160x90;13x13;18051000
2;160x90;15x15;29003000
1;80x45;3x3;217600
1;80x45;5x5;751000
1;80x45;7x7;1434900
1;80x45;9x9;2521400
1;80x45;11x11;3627700
1;80x45;13x13;3541400
1;80x45;15x15;3045200
5;1280x720;3x3;38154400
5;1280x720;5x5;115350900
5;1280x720;7x7;287760400
5;1280x720;9x9;564877800
5;1280x720;11x11;642107200
5;1280x720;13x13;1031158300
5;1280x720;15x15;1471846700
4;640x360;3x3;14167600
4;640x360;5x5;45375000
4;640x360;7x7;69908500
4;640x360;9x9;110822500
4;640x360;11x11;131253300
4;640x360;13x13;284759100
4;640x360;15x15;300087500
3;320x180;3x3;2165500
3;320x180;5x5;6912100
3;320x180;7x7;12759200
3;320x180;9x9;21625100
3;320x180;11x11;38499700
3;320x180;13x13;45754300
3;320x180;15x15;69440900
2;160x90;3x3;493800
2;160x90;5x5;1773400
2;160x90;7x7;3170400
2;160x90;9x9;5479500
2;160x90;11x11;8006300
2;160x90;13x13;11439800
2;160x90;15x15;14766600
1;80x45;3x3;141400
1;80x45;5x5;433100
1;80x45;7x7;834500
1;80x45;9x9;1386200
1;80x45;11x11;1896700
1;80x45;13x13;2654700
1;80x45;15x15;5102000
5;1280x720;3x3;53329700
5;1280x720;5x5;134530600
5;1280x720;7x7;215836600
5;1280x720;9x9;372676200
5;1280x720;11x11;550839000
5;1280x720;13x13;1047888700
5;1280x720;15x15;1361939000
4;640x360;3x3;8188600
4;640x360;5x5;29905200
4;640x360;7x7;80063900
4;640x360;9x9;124010700
4;640x360;11x11;218415900
4;640x360;13x13;301196400
4;640x360;15x15;320645700
3;320x180;3x3;2709400
3;320x180;5x5;7078000
3;320x180;7x7;13288400
3;320x180;9x9;22540200
3;320x180;11x11;32175100
3;320x180;13x13;49173100
3;320x180;15x15;78486700
2;160x90;3x3;935500
2;160x90;5x5;3117400
2;160x90;7x7;4015900
2;160x90;9x9;5056500
2;160x90;11x11;11126600
2;160x90;13x13;14874200
2;160x90;15x15;20829300
1;80x45;3x3;99300
1;80x45;5x5;609200
1;80x45;7x7;653700
1;80x45;9x9;1139700
1;80x45;11x11;1764700
1;80x45;13x13;2734200
1;80x45;15x15;6464200
5;1280x720;3x3;41141500
5;1280x720;5x5;152812700
5;1280x720;7x7;326796100
5;1280x720;9x9;536510800
5;1280x720;11x11;797853300
5;1280x720;13x13;1111710800
5;1280x720;15x15;1455625600
4;640x360;3x3;8624400
4;640x360;5x5;27233700
4;640x360;7x7;53624100
4;640x360;9x9;125411500
4;640x360;11x11;197754400
4;640x360;13x13;260199400
4;640x360;15x15;347566600
3;320x180;3x3;3607400
3;320x180;5x5;12566800
3;320x180;7x7;24658700
3;320x180;9x9;27482700
3;320x180;11x11;44260600
3;320x180;13x13;49951100
3;320x180;15x15;58546400
2;160x90;3x3;414100
2;160x90;5x5;1370500
2;160x90;7x7;2890400
2;160x90;9x9;4723300
2;160x90;11x11;11222200
2;160x90;13x13;15809900
2;160x90;15x15;14024500
1;80x45;3x3;101800
1;80x45;5x5;333800
1;80x45;7x7;658600
1;80x45;9x9;1237300
1;80x45;11x11;2121200
1;80x45;13x13;5158000
1;80x45;15x15;4458100
5;1280x720;3x3;31490700
5;1280x720;5x5;167016700
5;1280x720;7x7;332287500
5;1280x720;9x9;541683400
5;1280x720;11x11;818857000
5;1280x720;13x13;1078671700
5;1280x720;15x15;1415754200
4;640x360;3x3;7313800
4;640x360;5x5;33950000
4;640x360;7x7;63368800
4;640x360;9x9;118546800
4;640x360;11x11;207783300
4;640x360;13x13;271367500
4;640x360;15x15;267176000
3;320x180;3x3;2208200
3;320x180;5x5;11210400
3;320x180;7x7;15860800
3;320x180;9x9;22949800
3;320x180;11x11;32231700
3;320x180;13x13;57343800
3;320x180;15x15;67891100
2;160x90;3x3;582400
2;160x90;5x5;1685700
2;160x90;7x7;3073000
2;160x90;9x9;5490500
2;160x90;11x11;14135700
2;160x90;13x13;11309500
2;160x90;15x15;14536800
1;80x45;3x3;135700
1;80x45;5x5;580600
1;80x45;7x7;1801200
1;80x45;9x9;1626200
1;80x45;11x11;1883200
1;80x45;13x13;3298200
1;80x45;15x15;4166300
5;1280x720;3x3;46489000
5;1280x720;5x5;113809500
5;1280x720;7x7;229619100
5;1280x720;9x9;394647300
5;1280x720;11x11;532344500
5;1280x720;13x13;1067676400
5;1280x720;15x15;1390623300
4;640x360;3x3;13624300
4;640x360;5x5;41844400
4;640x360;7x7;75649000
4;640x360;9x9;132231500
4;640x360;11x11;219395000
4;640x360;13x13;298654200
4;640x360;15x15;309350000
3;320x180;3x3;1624300
3;320x180;5x5;5607400
3;320x180;7x7;16267400
3;320x180;9x9;37987000
3;320x180;11x11;40491500
3;320x180;13x13;77037400
3;320x180;15x15;91146400
2;160x90;3x3;405100
2;160x90;5x5;1479900
2;160x90;7x7;3302900
2;160x90;9x9;9406200
2;160x90;11x11;10393700
2;160x90;13x13;14980300
2;160x90;15x15;24874900
1;80x45;3x3;163800
1;80x45;5x5;486100
1;80x45;7x7;993400
1;80x45;9x9;1912100
1;80x45;11x11;2611000
1;80x45;13x13;4586600
1;80x45;15x15;4531700
5;1280x720;3x3;39963800
5;1280x720;5x5;154677400
5;1280x720;7x7;320341600
5;1280x720;9x9;531782300
5;1280x720;11x11;754145200
5;1280x720;13x13;1115520800
5;1280x720;15x15;1178452900
4;640x360;3x3;9886600
4;640x360;5x5;34311500
4;640x360;7x7;55005100
4;640x360;9x9;92694700
4;640x360;11x11;149886000
4;640x360;13x13;206428400
4;640x360;15x15;287235000
3;320x180;3x3;2212200
3;320x180;5x5;7163800
3;320x180;7x7;13423300
3;320x180;9x9;36774900
3;320x180;11x11;32421700
3;320x180;13x13;56178200
3;320x180;15x15;59747800
2;160x90;3x3;541300
2;160x90;5x5;2001800
2;160x90;7x7;3565400
2;160x90;9x9;6070700
2;160x90;11x11;8835800
2;160x90;13x13;11953000
2;160x90;15x15;15685200
1;80x45;3x3;258000
1;80x45;5x5;458100
1;80x45;7x7;968200
1;80x45;9x9;1365800
1;80x45;11x11;2030500
1;80x45;13x13;2684300
1;80x45;15x15;3552400
5;1280x720;3x3;54451900
5;1280x720;5x5;109322500
5;1280x720;7x7;265945900
5;1280x720;9x9;477358500
5;1280x720;11x11;620216600
5;1280x720;13x13;819620100
5;1280x720;15x15;1072963500
4;640x360;3x3;9791000
4;640x360;5x5;29558200
4;640x360;7x7;53491100
4;640x360;9x9;98915400
4;640x360;11x11;142699200
4;640x360;13x13;187745600
4;640x360;15x15;296962100
3;320x180;3x3;3601100
3;320x180;5x5;5715200
3;320x180;7x7;15694800
3;320x180;9x9;33738600
3;320x180;11x11;51203000
3;320x180;13x13;60223400
3;320x180;15x15;75410700
2;160x90;3x3;408000
2;160x90;5x5;1371900
2;160x90;7x7;2683700
2;160x90;9x9;4832400
2;160x90;11x11;8174600
2;160x90;13x13;18153200
2;160x90;15x15;18904000
1;80x45;3x3;347300
1;80x45;5x5;1074100
1;80x45;7x7;1231700
1;80x45;9x9;1860400
1;80x45;11x11;2200700
1;80x45;13x13;2653200
1;80x45;15x15;3133700
5;1280x720;3x3;37102200
5;1280x720;5x5;157890600
5;1280x720;7x7;279004700
5;1280x720;9x9;491185500
5;1280x720;11x11;577681000
5;1280x720;13x13;838336000
5;1280x720;15x15;1077463400
4;640x360;3x3;9350400
4;640x360;5x5;28396800
4;640x360;7x7;70627400
4;640x360;9x9;102566900
4;640x360;11x11;140803900
4;640x360;13x13;191243900
4;640x360;15x15;301250700
3;320x180;3x3;2354300
3;320x180;5x5;9617200
3;320x180;7x7;19245600
3;320x180;9x9;36115300
3;320x180;11x11;58075000
3;320x180;13x13;83809900
3;320x180;15x15;102539100
2;160x90;3x3;530800
2;160x90;5x5;3078300
2;160x90;7x7;5963700
2;160x90;9x9;9756100
2;160x90;11x11;9042600
2;160x90;13x13;16318200
2;160x90;15x15;23962200
1;80x45;3x3;144900
1;80x45;5x5;347700
1;80x45;7x7;843300
1;80x45;9x9;2460700
1;80x45;11x11;2998700
1;80x45;13x13;4941300
1;80x45;15x15;3760500
5;1280x720;3x3;52367000
5;1280x720;5x5;155605300
5;1280x720;7x7;279565400
5;1280x720;9x9;510561700
5;1280x720;11x11;569145000
5;1280x720;13x13;859312100
5;1280x720;15x15;1070064900
4;640x360;3x3;9652000
4;640x360;5x5;29104300
4;640x360;7x7;50376700
4;640x360;9x9;99809200
4;640x360;11x11;129609700
4;640x360;13x13;233879800
4;640x360;15x15;344926100
3;320x180;3x3;1747300
3;320x180;5x5;5596100
3;320x180;7x7;19903300
3;320x180;9x9;43057800
3;320x180;11x11;36121600
3;320x180;13x13;49826700
3;320x180;15x15;74829600
2;160x90;3x3;901400
2;160x90;5x5;2952100
2;160x90;7x7;6140700
2;160x90;9x9;10169100
2;160x90;11x11;13899900
2;160x90;13x13;12790100
2;160x90;15x15;18139300
1;80x45;3x3;290300
1;80x45;5x5;870300
1;80x45;7x7;1650900
1;80x45;9x9;2735200
1;80x45;11x11;2789700
1;80x45;13x13;3592400
1;80x45;15x15;3164200
5;1280x720;3x3;51967600
5;1280x720;5x5;121485200
5;1280x720;7x7;291028200
5;1280x720;9x9;582940800
5;1280x720;11x11;694866900
5;1280x720;13x13;1088674000
5;1280x720;15x15;1478045800
4;640x360;3x3;8569400
4;640x360;5x5;37240300
4;640x360;7x7;58710700
4;640x360;9x9;90654800
4;640x360;11x11;131971800
4;640x360;13x13;198325100
4;640x360;15x15;261083200
3;320x180;3x3;2416600
3;320x180;5x5;7397400
3;320x180;7x7;12806000
3;320x180;9x9;22468300
3;320x180;11x11;34920700
3;320x180;13x13;46279400
3;320x180;15x15;80142000
2;160x90;3x3;574100
2;160x90;5x5;1767600
2;160x90;7x7;3357100
2;160x90;9x9;6245200
2;160x90;11x11;10296500
2;160x90;13x13;21200800
2;160x90;15x15;15250700
1;80x45;3x3;171100
1;80x45;5x5;514000
1;80x45;7x7;874800
1;80x45;9x9;1392400
1;80x45;11x11;2085100
1;80x45;13x13;2873300
1;80x45;15x15;3577200
5;1280x720;3x3;39850400
5;1280x720;5x5;126988900
5;1280x720;7x7;215476900
5;1280x720;9x9;389221200
5;1280x720;11x11;655271800
5;1280x720;13x13;1079182900
5;1280x720;15x15;1297809400
4;640x360;3x3;13474300
4;640x360;5x5;35494600
4;640x360;7x7;90381500
4;640x360;9x9;134652700
4;640x360;11x11;172761400
4;640x360;13x13;202754000
4;640x360;15x15;375042000
3;320x180;3x3;2851500
3;320x180;5x5;11959700
3;320x180;7x7;19129100
3;320x180;9x9;26677700
3;320x180;11x11;38397000
3;320x180;13x13;69881900
3;320x180;15x15;75793800
2;160x90;3x3;572200
2;160x90;5x5;1824500
2;160x90;7x7;3124000
2;160x90;9x9;5356300
2;160x90;11x11;8119000
2;160x90;13x13;12278300
2;160x90;15x15;15820300
1;80x45;3x3;124100
1;80x45;5x5;384600
1;80x45;7x7;807800
1;80x45;9x9;1220400
1;80x45;11x11;1786200
1;80x45;13x13;3121400
1;80x45;15x15;3329600
5;1280x720;3x3;53862600
5;1280x720;5x5;129443400
5;1280x720;7x7;298226000
5;1280x720;9x9;476834300
5;1280x720;11x11;601471200
5;1280x720;13x13;802141000
5;1280x720;15x15;1092172200
4;640x360;3x3;7238500
4;640x360;5x5;28026600
4;640x360;7x7;50832500
4;640x360;9x9;91417500
4;640x360;11x11;130159500
4;640x360;13x13;299458600
4;640x360;15x15;343262400
3;320x180;3x3;3374000
3;320x180;5x5;10196800
3;320x180;7x7;19268800
3;320x180;9x9;38464600
3;320x180;11x11;60494700
3;320x180;13x13;61182800
3;320x180;15x15;108769500
2;160x90;3x3;895000
2;160x90;5x5;2785000
2;160x90;7x7;5084700
2;160x90;9x9;6442000
2;160x90;11x11;7738200
2;160x90;13x13;12975600
2;160x90;15x15;13480800
1;80x45;3x3;101900
1;80x45;5x5;334500
1;80x45;7x7;655500
1;80x45;9x9;1277200
1;80x45;11x11;1718500
1;80x45;13x13;2360900
1;80x45;15x15;4233100
5;1280x720;3x3;35911700
5;1280x720;5x5;136108300
5;1280x720;7x7;278876800
5;1280x720;9x9;408803300
5;1280x720;11x11;589857400
5;1280x720;13x13;823918100
5;1280x720;15x15;1045219200
4;640x360;3x3;8854200
4;640x360;5x5;28362400
4;640x360;7x7;52848800
4;640x360;9x9;92429900
4;640x360;11x11;208694300
4;640x360;13x13;288685100
4;640x360;15x15;369168500
3;320x180;3x3;3277300
3;320x180;5x5;7995000
3;320x180;7x7;14515500
3;320x180;9x9;19683100
3;320x180;11x11;31956000
3;320x180;13x13;84879900
3;320x180;15x15;99271700
2;160x90;3x3;902300
2;160x90;5x5;3023600
2;160x90;7x7;6976300
2;160x90;9x9;10664200
2;160x90;11x11;14614300
2;160x90;13x13;22233400
2;160x90;15x15;16217300
1;80x45;3x3;172200
1;80x45;5x5;553000
1;80x45;7x7;1108700
1;80x45;9x9;1779900
1;80x45;11x11;2049200
1;80x45;13x13;4672900
1;80x45;15x15;7662100
5;1280x720;3x3;46078100
5;1280x720;5x5;132787800
5;1280x720;7x7;240096700
5;1280x720;9x9;396284700
5;1280x720;11x11;558777500
5;1280x720;13x13;851636800
5;1280x720;15x15;1071853700
4;640x360;3x3;8213100
4;640x360;5x5;35976400
4;640x360;7x7;81310600
4;640x360;9x9;134918700
4;640x360;11x11;146417000
4;640x360;13x13;246331500
4;640x360;15x15;416917300
3;320x180;3x3;3600000
3;320x180;5x5;11144800
3;320x180;7x7;23565500
3;320x180;9x9;42780200
3;320x180;11x11;58721600
3;320x180;13x13;69297800
3;320x180;15x15;104725500
2;160x90;3x3;1014000
2;160x90;5x5;3480400
2;160x90;7x7;6393200
2;160x90;9x9;9356800
2;160x90;11x11;16326100
2;160x90;13x13;22982200
2;160x90;15x15;26374200
1;80x45;3x3;241900
1;80x45;5x5;492500
1;80x45;7x7;814900
1;80x45;9x9;1388900
1;80x45;11x11;1897600
1;80x45;13x13;2600900
1;80x45;15x15;3293300
5;1280x720;3x3;40512200
5;1280x720;5x5;187462700
5;1280x720;7x7;293551800
5;1280x720;9x9;528147000
5;1280x720;11x11;765974000
5;1280x720;13x13;1056065200
5;1280x720;15x15;1292126800
4;640x360;3x3;8695500
4;640x360;5x5;26927100
4;640x360;7x7;52198500
4;640x360;9x9;101567300
4;640x360;11x11;134205000
4;640x360;13x13;197792600
4;640x360;15x15;262537200
3;320x180;3x3;2729200
3;320x180;5x5;6806300
3;320x180;7x7;11971100
3;320x180;9x9;22920300
3;320x180;11x11;37794300
3;320x180;13x13;47340000
3;320x180;15x15;60125100
2;160x90;3x3;425000
2;160x90;5x5;1513800
2;160x90;7x7;3303500
2;160x90;9x9;5555400
2;160x90;11x11;12204600
2;160x90;13x13;11145500
2;160x90;15x15;14900200
1;80x45;3x3;133300
1;80x45;5x5;419600
1;80x45;7x7;800700
1;80x45;9x9;1386700
1;80x45;11x11;1955200
1;80x45;13x13;2700700
1;80x45;15x15;3530300
5;1280x720;3x3;40510400
5;1280x720;5x5;110693200
5;1280x720;7x7;219738700
5;1280x720;9x9;538244500
5;1280x720;11x11;887521600
5;1280x720;13x13;1200461400
5;1280x720;15x15;1596943700
4;640x360;3x3;10500100
4;640x360;5x5;49225900
4;640x360;7x7;93381300
4;640x360;9x9;111098200
4;640x360;11x11;208056000
4;640x360;13x13;312939600
4;640x360;15x15;417615700
3;320x180;3x3;2425600
3;320x180;5x5;12581500
3;320x180;7x7;23613900
3;320x180;9x9;40370800
3;320x180;11x11;37112700
3;320x180;13x13;60617900
3;320x180;15x15;88473800
2;160x90;3x3;776100
2;160x90;5x5;2747100
2;160x90;7x7;3114900
2;160x90;9x9;7687200
2;160x90;11x11;8453300
2;160x90;13x13;13381800
2;160x90;15x15;21969500
1;80x45;3x3;224400
1;80x45;5x5;865300
1;80x45;7x7;1251800
1;80x45;9x9;1602800
1;80x45;11x11;3363100
1;80x45;13x13;5346800
1;80x45;15x15;6771200
5;1280x720;3x3;43305300
5;1280x720;5x5;185106400
5;1280x720;7x7;301347400
5;1280x720;9x9;542139300
5;1280x720;11x11;774041900
5;1280x720;13x13;1198313400
5;1280x720;15x15;1504720000
4;640x360;3x3;14484900
4;640x360;5x5;44015200
4;640x360;7x7;80104400
4;640x360;9x9;134022100
4;640x360;11x11;177103700
4;640x360;13x13;300087200
4;640x360;15x15;417609600
3;320x180;3x3;3566100
3;320x180;5x5;10189900
3;320x180;7x7;17133800
3;320x180;9x9;24073500
3;320x180;11x11;43667500
3;320x180;13x13;69434700
3;320x180;15x15;69345400
2;160x90;3x3;951600
2;160x90;5x5;2792100
2;160x90;7x7;6285800
2;160x90;9x9;10490900
2;160x90;11x11;15421500
2;160x90;13x13;20004000
2;160x90;15x15;28782400
1;80x45;3x3;225600
1;80x45;5x5;755400
1;80x45;7x7;1414900
1;80x45;9x9;2340200
1;80x45;11x11;1663600
1;80x45;13x13;4226200
1;80x45;15x15;6383700
5;1280x720;3x3;62526800
5;1280x720;5x5;151698100
5;1280x720;7x7;252774700
5;1280x720;9x9;394952500
5;1280x720;11x11;552757200
5;1280x720;13x13;813828400
5;1280x720;15x15;1079499700
4;640x360;3x3;7993000
4;640x360;5x5;28063500
4;640x360;7x7;51049600
4;640x360;9x9;93077100
4;640x360;11x11;126435800
4;640x360;13x13;249140400
4;640x360;15x15;391245800
3;320x180;3x3;3686100
3;320x180;5x5;7569900
3;320x180;7x7;17155400
3;320x180;9x9;41955900
3;320x180;11x11;46647800
3;320x180;13x13;67176600
3;320x180;15x15;58353500
2;160x90;3x3;452500
2;160x90;5x5;1400500
2;160x90;7x7;2691900
2;160x90;9x9;4709900
2;160x90;11x11;11590700
2;160x90;13x13;16382000
2;160x90;15x15;25008700
1;80x45;3x3;237600
1;80x45;5x5;495900
1;80x45;7x7;715200
1;80x45;9x9;1353900
1;80x45;11x11;1930300
1;80x45;13x13;2415500
1;80x45;15x15;5711900
5;1280x720;3x3;29394200
5;1280x720;5x5;144164700
5;1280x720;7x7;254746300
5;1280x720;9x9;397498200
5;1280x720;11x11;571887400
5;1280x720;13x13;810042700
5;1280x720;15x15;1027925000
4;640x360;3x3;7850300
4;640x360;5x5;27341600
4;640x360;7x7;50952500
4;640x360;9x9;94435800
4;640x360;11x11;208238600
4;640x360;13x13;273851300
4;640x360;15x15;349943100
3;320x180;3x3;2910000
3;320x180;5x5;5719700
3;320x180;7x7;14993200
3;320x180;9x9;34002200
3;320x180;11x11;51338000
3;320x180;13x13;77633300
3;320x180;15x15;82447500
2;160x90;3x3;895900
2;160x90;5x5;3148600
2;160x90;7x7;5938100
2;160x90;9x9;9796100
2;160x90;11x11;13407100
2;160x90;13x13;17958600
2;160x90;15x15;16385400
1;80x45;3x3;101700
1;80x45;5x5;586100
1;80x45;7x7;1434700
1;80x45;9x9;1699000
1;80x45;11x11;2485600
1;80x45;13x13;4911100
1;80x45;15x15;6904100
5;1280x720;3x3;45965800
5;1280x720;5x5;127876100
5;1280x720;7x7;242694400
5;1280x720;9x9;370124400
5;1280x720;11x11;570334900
5;1280x720;13x13;805580100
5;1280x720;15x15;1016654400
4;640x360;3x3;8840200
4;640x360;5x5;27325100
4;640x360;7x7;51641400
4;640x360;9x9;108969300
4;640x360;11x11;204816400
4;640x360;13x13;272973800
4;640x360;15x15;374906700
3;320x180;3x3;3648800
3;320x180;5x5;11833400
3;320x180;7x7;23799200
3;320x180;9x9;41768800
3;320x180;11x11;53508300
3;320x180;13x13;70392500
3;320x180;15x15;116763300
2;160x90;3x3;888300
2;160x90;5x5;3032200
2;160x90;7x7;4827800
2;160x90;9x9;6863000
2;160x90;11x11;12836000
2;160x90;13x13;14675100
2;160x90;15x15;19504700
1;80x45;3x3;170100
1;80x45;5x5;574500
1;80x45;7x7;793600
1;80x45;9x9;1507500
1;80x45;11x11;1982300
1;80x45;13x13;2368600
1;80x45;15x15;3624800
5;1280x720;3x3;38828700
5;1280x720;5x5;159395700
5;1280x720;7x7;326182800
5;1280x720;9x9;590057000
5;1280x720;11x11;840882700
5;1280x720;13x13;1261095900
5;1280x720;15x15;1193784900
4;640x360;3x3;14659800
4;640x360;5x5;31763300
4;640x360;7x7;59751300
4;640x360;9x9;99114400
4;640x360;11x11;150420200
4;640x360;13x13;212311700
4;640x360;15x15;276801700
3;320x180;3x3;2267700
3;320x180;5x5;7150300
3;320x180;7x7;12416400
3;320x180;9x9;22817100
3;320x180;11x11;33078700
3;320x180;13x13;45851000
3;320x180;15x15;61562800
2;160x90;3x3;524800
2;160x90;5x5;1686900
2;160x90;7x7;3241700
2;160x90;9x9;5375700
2;160x90;11x11;7764500
2;160x90;13x13;18788500
2;160x90;15x15;14645400
1;80x45;3x3;136700
1;80x45;5x5;411200
1;80x45;7x7;656600
1;80x45;9x9;2569200
1;80x45;11x11;4099800
1;80x45;13x13;6240400
1;80x45;15x15;7399800
5;1280x720;3x3;37523000
5;1280x720;5x5;109247800
5;1280x720;7x7;288238000
5;1280x720;9x9;487068100
5;1280x720;11x11;620311200
5;1280x720;13x13;1009623800
5;1280x720;15x15;1322847400
4;640x360;3x3;9060500
4;640x360;5x5;26848900
4;640x360;7x7;66941700
4;640x360;9x9;140316100
4;640x360;11x11;184032200
4;640x360;13x13;310688700
4;640x360;15x15;287406400
3;320x180;3x3;2234900
3;320x180;5x5;11894600
3;320x180;7x7;20299700
3;320x180;9x9;35896000
3;320x180;11x11;53440300
3;320x180;13x13;73236800
3;320x180;15x15;106912200
2;160x90;3x3;887700
2;160x90;5x5;3047500
2;160x90;7x7;5904700
2;160x90;9x9;10435900
2;160x90;11x11;13154900
2;160x90;13x13;22135400
2;160x90;15x15;23913500
1;80x45;3x3;101100
1;80x45;5x5;342800
1;80x45;7x7;666800
1;80x45;9x9;1161700
1;80x45;11x11;1709100
1;80x45;13x13;2486900
1;80x45;15x15;3340000
5;1280x720;3x3;47136700
5;1280x720;5x5;155851900
5;1280x720;7x7;295404900
5;1280x720;9x9;608748800
5;1280x720;11x11;829266600
5;1280x720;13x13;1113710400
5;1280x720;15x15;1333893800
4;640x360;3x3;9481400
4;640x360;5x5;35839500
4;640x360;7x7;55241000
4;640x360;9x9;101192400
4;640x360;11x11;129889700
4;640x360;13x13;193011300
4;640x360;15x15;254818900
3;320x180;3x3;2349100
3;320x180;5x5;7073500
3;320x180;7x7;14053800
3;320x180;9x9;29653400
3;320x180;11x11;33946100
3;320x180;13x13;50196900
3;320x180;15x15;62487600
2;160x90;3x3;614200
2;160x90;5x5;2619800
2;160x90;7x7;3974400
2;160x90;9x9;5668700
2;160x90;11x11;7864700
2;160x90;13x13;13522600
2;160x90;15x15;14023700
1;80x45;3x3;101900
1;80x45;5x5;344700
1;80x45;7x7;666900
1;80x45;9x9;1222700
1;80x45;11x11;1673900
1;80x45;13x13;2409000
1;80x45;15x15;3162000
5;1280x720;3x3;42314900
5;1280x720;5x5;115685600
5;1280x720;7x7;213036300
5;1280x720;9x9;425714500
5;1280x720;11x11;783458400
5;1280x720;13x13;1174765700
5;1280x720;15x15;1521909400
4;640x360;3x3;13562900
4;640x360;5x5;46472300
4;640x360;7x7;77533500
4;640x360;9x9;147718500
4;640x360;11x11;202122900
4;640x360;13x13;285863500
4;640x360;15x15;398478800
3;320x180;3x3;2860400
3;320x180;5x5;10415500
3;320x180;7x7;19759600
3;320x180;9x9;32185700
3;320x180;11x11;33433100
3;320x180;13x13;71902300
3;320x180;15x15;90896900
2;160x90;3x3;934900
2;160x90;5x5;3312200
2;160x90;7x7;6190000
2;160x90;9x9;10405800
2;160x90;11x11;15471700
2;160x90;13x13;10927900
2;160x90;15x15;14419200
1;80x45;3x3;101600
1;80x45;5x5;357600
1;80x45;7x7;666500
1;80x45;9x9;2198100
1;80x45;11x11;3583100
1;80x45;13x13;3422500
1;80x45;15x15;3913500
5;1280x720;3x3;40246800
5;1280x720;5x5;115220700
5;1280x720;7x7;213910100
5;1280x720;9x9;407546500
5;1280x720;11x11;578267600
5;1280x720;13x13;833563500
5;1280x720;15x15;1210732200
4;640x360;3x3;12145800
4;640x360;5x5;35661100
4;640x360;7x7;86537800
4;640x360;9x9;109576600
4;640x360;11x11;200971200
4;640x360;13x13;284600900
4;640x360;15x15;355374500
3;320x180;3x3;3553900
3;320x180;5x5;12659200
3;320x180;7x7;13643700
3;320x180;9x9;33408800
3;320x180;11x11;47088200
3;320x180;13x13;67111300
3;320x180;15x15;107393600
2;160x90;3x3;900000
2;160x90;5x5;3005300
2;160x90;7x7;6221900
2;160x90;9x9;10756500
2;160x90;11x11;15202600
2;160x90;13x13;18521700
2;160x90;15x15;20407900
1;80x45;3x3;242800
1;80x45;5x5;821100
1;80x45;7x7;1456500
1;80x45;9x9;2782800
1;80x45;11x11;3867000
1;80x45;13x13;5501700
1;80x45;15x15;3120900
5;1280x720;3x3;37125200
5;1280x720;5x5;192173000
5;1280x720;7x7;305688100
5;1280x720;9x9;570833300
5;1280x720;11x11;783762800
5;1280x720;13x13;1285838500
5;1280x720;15x15;1064850900
4;640x360;3x3;13294800
4;640x360;5x5;32409400
4;640x360;7x7;56816400
4;640x360;9x9;96560000
4;640x360;11x11;141638700
4;640x360;13x13;220803100
4;640x360;15x15;259108100
3;320x180;3x3;2145700
3;320x180;5x5;6943800
3;320x180;7x7;12951900
3;320x180;9x9;22164300
3;320x180;11x11;32473100
3;320x180;13x13;50505500
3;320x180;15x15;73940100
2;160x90;3x3;552400
2;160x90;5x5;1794600
2;160x90;7x7;3191800
2;160x90;9x9;5686700
2;160x90;11x11;9157200
2;160x90;13x13;11860500
2;160x90;15x15;14965900
1;80x45;3x3;150400
1;80x45;5x5;458300
1;80x45;7x7;838500
1;80x45;9x9;1499300
1;80x45;11x11;2160100
1;80x45;13x13;2795200
1;80x45;15x15;3861000
5;1280x720;3x3;46479100
5;1280x720;5x5;165916600
5;1280x720;7x7;236936100
5;1280x720;9x9;568568600
5;1280x720;11x11;849332200
5;1280x720;13x13;1217180000
5;1280x720;15x15;1551703900
4;640x360;3x3;9426900
4;640x360;5x5;39341500
4;640x360;7x7;65124200
4;640x360;9x9;161676700
4;640x360;11x11;195727300
4;640x360;13x13;312981400
4;640x360;15x15;399440500
3;320x180;3x3;3580300
3;320x180;5x5;13441300
3;320x180;7x7;22458500
3;320x180;9x9;41491000
3;320x180;11x11;53084800
3;320x180;13x13;65102100
3;320x180;15x15;75149200
2;160x90;3x3;581500
2;160x90;5x5;1789100
2;160x90;7x7;3269700
2;160x90;9x9;5432100
2;160x90;11x11;11776400
2;160x90;13x13;17059300
2;160x90;15x15;14217900
1;80x45;3x3;134700
1;80x45;5x5;409600
1;80x45;7x7;816300
1;80x45;9x9;1288500
1;80x45;11x11;1848500
1;80x45;13x13;2716900
1;80x45;15x15;3520400
5;1280x720;3x3;41818800
5;1280x720;5x5;120584300
5;1280x720;7x7;235455700
5;1280x720;9x9;391966200
5;1280x720;11x11;563309400
5;1280x720;13x13;914371800
5;1280x720;15x15;1520696400
4;640x360;3x3;10411300
4;640x360;5x5;44129500
4;640x360;7x7;93809100
4;640x360;9x9;151350800
4;640x360;11x11;171361400
4;640x360;13x13;217005800
4;640x360;15x15;317528900
3;320x180;3x3;3876300
3;320x180;5x5;14825100
3;320x180;7x7;14431000
3;320x180;9x9;26681600
3;320x180;11x11;36589800
3;320x180;13x13;69175500
3;320x180;15x15;81883000
2;160x90;3x3;980700
2;160x90;5x5;1883100
2;160x90;7x7;3464100
2;160x90;9x9;5791400
2;160x90;11x11;8128900
2;160x90;13x13;11265400
2;160x90;15x15;17191700
1;80x45;3x3;112500
1;80x45;5x5;687600
1;80x45;7x7;1759700
1;80x45;9x9;2984700
1;80x45;11x11;4602400
1;80x45;13x13;5160400
1;80x45;15x15;4271900
5;1280x720;3x3;40222500
5;1280x720;5x5;112296100
5;1280x720;7x7;232082500
5;1280x720;9x9;415428700
5;1280x720;11x11;559459500
5;1280x720;13x13;851203100
5;1280x720;15x15;1502295300
4;640x360;3x3;13298500
4;640x360;5x5;46848000
4;640x360;7x7;79314300
4;640x360;9x9;125468800
4;640x360;11x11;174333300
4;640x360;13x13;260168200
4;640x360;15x15;286341800
3;320x180;3x3;2278200
3;320x180;5x5;6477400
3;320x180;7x7;19947900
3;320x180;9x9;21961900
3;320x180;11x11;31562700
3;320x180;13x13;45812400
3;320x180;15x15;59228100
2;160x90;3x3;565100
2;160x90;5x5;1739000
2;160x90;7x7;3258100
2;160x90;9x9;5534800
2;160x90;11x11;8035400
2;160x90;13x13;10548900
2;160x90;15x15;14703600
1;80x45;3x3;138500
1;80x45;5x5;434200
1;80x45;7x7;787400
1;80x45;9x9;1327000
1;80x45;11x11;1970400
1;80x45;13x13;2705100
1;80x45;15x15;3482800
5;1280x720;3x3;55695600
5;1280x720;5x5;133431900
5;1280x720;7x7;227029900
5;1280x720;9x9;385641900
5;1280x720;11x11;587753600
5;1280x720;13x13;1000662200
5;1280x720;15x15;1491898400
4;640x360;3x3;8739800
4;640x360;5x5;37324900
4;640x360;7x7;88719000
4;640x360;9x9;149636900
4;640x360;11x11;216532200
4;640x360;13x13;312307800
4;640x360;15x15;408536600
3;320x180;3x3;1616400
3;320x180;5x5;11962200
3;320x180;7x7;19027700
3;320x180;9x9;35873700
3;320x180;11x11;61971500
3;320x180;13x13;72526000
3;320x180;15x15;87640500
2;160x90;3x3;881100
2;160x90;5x5;3177900
2;160x90;7x7;5576400
2;160x90;9x9;10093200
2;160x90;11x11;10450300
2;160x90;13x13;10751900
2;160x90;15x15;23992200
1;80x45;3x3;224700
1;80x45;5x5;814300
1;80x45;7x7;1463900
1;80x45;9x9;2627300
1;80x45;11x11;3602500
1;80x45;13x13;4797100
1;80x45;15x15;6807000
5;1280x720;3x3;46500400
5;1280x720;5x5;179316100
5;1280x720;7x7;306472100
5;1280x720;9x9;554012100
5;1280x720;11x11;594709000
5;1280x720;13x13;825457700
5;1280x720;15x15;1082819500
4;640x360;3x3;11450200
4;640x360;5x5;35951400
4;640x360;7x7;53332500
4;640x360;9x9;91995100
4;640x360;11x11;134794600
4;640x360;13x13;226253900
4;640x360;15x15;317559100
3;320x180;3x3;3053200
3;320x180;5x5;8192200
3;320x180;7x7;13987000
3;320x180;9x9;31782700
3;320x180;11x11;53546200
3;320x180;13x13;85805900
3;320x180;15x15;79902600
2;160x90;3x3;973000
2;160x90;5x5;3095300
2;160x90;7x7;5909200
2;160x90;9x9;8594600
2;160x90;11x11;7878300
2;160x90;13x13;21182600
2;160x90;15x15;27230300
1;80x45;3x3;190900
1;80x45;5x5;761000
1;80x45;7x7;1384300
1;80x45;9x9;2867500
1;80x45;11x11;2969200
1;80x45;13x13;2643100
1;80x45;15x15;6811600
5;1280x720;3x3;45987800
5;1280x720;5x5;165467100
5;1280x720;7x7;331780900
5;1280x720;9x9;559947700
5;1280x720;11x11;806473900
5;1280x720;13x13;1141533700
5;1280x720;15x15;1374293100
4;640x360;3x3;12779100
4;640x360;5x5;38197100
4;640x360;7x7;58363300
4;640x360;9x9;93795600
4;640x360;11x11;141225400
4;640x360;13x13;204057600
4;640x360;15x15;258033900
3;320x180;3x3;2545600
3;320x180;5x5;7367600
3;320x180;7x7;13574300
3;320x180;9x9;23013200
3;320x180;11x11;33126800
3;320x180;13x13;48773000
3;320x180;15x15;62857500
2;160x90;3x3;575900
2;160x90;5x5;1750900
2;160x90;7x7;3284800
2;160x90;9x9;5492600
2;160x90;11x11;7991600
2;160x90;13x13;16901200
2;160x90;15x15;14685700
1;80x45;3x3;141100
1;80x45;5x5;421800
1;80x45;7x7;787000
1;80x45;9x9;1326500
1;80x45;11x11;1973500
1;80x45;13x13;2666900
1;80x45;15x15;3519100
5;1280x720;3x3;34646800
5;1280x720;5x5;128451000
5;1280x720;7x7;223357000
5;1280x720;9x9;370670700
5;1280x720;11x11;676734100
5;1280x720;13x13;1145143800
5;1280x720;15x15;1523544500
4;640x360;3x3;14658500
4;640x360;5x5;45232400
4;640x360;7x7;86626700
4;640x360;9x9;146913800
4;640x360;11x11;220136400
4;640x360;13x13;320474000
4;640x360;15x15;400239600
3;320x180;3x3;3212700
3;320x180;5x5;12400700
3;320x180;7x7;21314700
3;320x180;9x9;25787700
3;320x180;11x11;41950700
3;320x180;13x13;77688400
3;320x180;15x15;70588300
2;160x90;3x3;541300
2;160x90;5x5;2304800
2;160x90;7x7;4725600
2;160x90;9x9;6408400
2;160x90;11x11;13173200
2;160x90;13x13;19323900
2;160x90;15x15;29099200
1;80x45;3x3;217400
1;80x45;5x5;815800
1;80x45;7x7;1417800
1;80x45;9x9;2587700
1;80x45;11x11;3558300
1;80x45;13x13;5295100
1;80x45;15x15;6355900
5;1280x720;3x3;48192200
5;1280x720;5x5;168046600
5;1280x720;7x7;320035600
5;1280x720;9x9;390756800
5;1280x720;11x11;556514600
5;1280x720;13x13;823151900
5;1280x720;15x15;1042111800
4;640x360;3x3;10275900
4;640x360;5x5;46209000
4;640x360;7x7;74758300
4;640x360;9x9;143699400
4;640x360;11x11;173221500
4;640x360;13x13;274635100
4;640x360;15x15;420964300
3;320x180;3x3;3619200
3;320x180;5x5;10434300
3;320x180;7x7;13818100
3;320x180;9x9;35822300
3;320x180;11x11;52236000
3;320x180;13x13;79210200
3;320x180;15x15;90930500
2;160x90;3x3;404600
2;160x90;5x5;2310200
2;160x90;7x7;3066900
2;160x90;9x9;8262600
2;160x90;11x11;12102200
2;160x90;13x13;17506200
2;160x90;15x15;20463400
1;80x45;3x3;126900
1;80x45;5x5;361000
1;80x45;7x7;710700
1;80x45;9x9;1224700
1;80x45;11x11;1796100
1;80x45;13x13;2554500
1;80x45;15x15;3328000
5;1280x720;3x3;30726000
5;1280x720;5x5;164790600
5;1280x720;7x7;318869400
5;1280x720;9x9;571104100
5;1280x720;11x11;843156400
5;1280x720;13x13;1220924600
5;1280x720;15x15;1556291000
4;640x360;3x3;11673300
4;640x360;5x5;35568400
4;640x360;7x7;71430600
4;640x360;9x9;151560600
4;640x360;11x11;203385500
4;640x360;13x13;306418200
4;640x360;15x15;385287900
3;320x180;3x3;1651300
3;320x180;5x5;6739400
3;320x180;7x7;19572900
3;320x180;9x9;37684500
3;320x180;11x11;40350400
3;320x180;13x13;63017000
3;320x180;15x15;68214600
2;160x90;3x3;500200
2;160x90;5x5;1882300
2;160x90;7x7;3535500
2;160x90;9x9;5793900
2;160x90;11x11;8016900
2;160x90;13x13;12096000
2;160x90;15x15;16326900
1;80x45;3x3;164400
1;80x45;5x5;458700
1;80x45;7x7;864500
1;80x45;9x9;1426200
1;80x45;11x11;2029300
1;80x45;13x13;2884100
1;80x45;15x15;3479200
5;1280x720;3x3;37164800
5;1280x720;5x5;124600900
5;1280x720;7x7;226414600
5;1280x720;9x9;392775900
5;1280x720;11x11;564918400
5;1280x720;13x13;790432300
5;1280x720;15x15;1057601500
4;640x360;3x3;8439500
4;640x360;5x5;29585400
4;640x360;7x7;53035100
4;640x360;9x9;102213500
4;640x360;11x11;134409900
4;640x360;13x13;222868100
4;640x360;15x15;268545000
3;320x180;3x3;2177200
3;320x180;5x5;8383100
3;320x180;7x7;13422100
3;320x180;9x9;22682500
3;320x180;11x11;32851100
3;320x180;13x13;48422000
3;320x180;15x15;59834400
2;160x90;3x3;541700
2;160x90;5x5;1686500
2;160x90;7x7;3044000
2;160x90;9x9;5550100
2;160x90;11x11;8192400
2;160x90;13x13;11125500
2;160x90;15x15;14719600
1;80x45;3x3;135500
1;80x45;5x5;450700
1;80x45;7x7;799000
1;80x45;9x9;1429600
1;80x45;11x11;2598500
1;80x45;13x13;2741900
1;80x45;15x15;3484300
5;1280x720;3x3;37995200
5;1280x720;5x5;129215500
5;1280x720;7x7;231155200
5;1280x720;9x9;383731700
5;1280x720;11x11;557276700
5;1280x720;13x13;818353000
5;1280x720;15x15;1054994700
4;640x360;3x3;8680500
4;640x360;5x5;31624500
4;640x360;7x7;55127500
4;640x360;9x9;94167500
4;640x360;11x11;142453600
4;640x360;13x13;188108400
4;640x360;15x15;259583900
3;320x180;3x3;2135200
3;320x180;5x5;6564700
3;320x180;7x7;11241200
3;320x180;9x9;25979000
3;320x180;11x11;35257500
3;320x180;13x13;46996900
3;320x180;15x15;62879200
2;160x90;3x3;417200
2;160x90;5x5;1975400
2;160x90;7x7;3498900
2;160x90;9x9;6522100
2;160x90;11x11;7980500
2;160x90;13x13;14286700
2;160x90;15x15;14306500
1;80x45;3x3;139400
1;80x45;5x5;429500
1;80x45;7x7;794000
1;80x45;9x9;1333800
1;80x45;11x11;1894000
1;80x45;13x13;2454900
1;80x45;15x15;3304100
5;1280x720;3x3;34371100
5;1280x720;5x5;112473200
5;1280x720;7x7;219797900
5;1280x720;9x9;383410200
5;1280x720;11x11;553839700
5;1280x720;13x13;796426200
5;1280x720;15x15;1074301300
4;640x360;3x3;8643400
4;640x360;5x5;27229500
4;640x360;7x7;55669100
4;640x360;9x9;104336700
4;640x360;11x11;133902800
4;640x360;13x13;202342100
4;640x360;15x15;262236000
3;320x180;3x3;2198700
3;320x180;5x5;7220000
3;320x180;7x7;13365500
3;320x180;9x9;22561800
3;320x180;11x11;40579300
3;320x180;13x13;46673000
3;320x180;15x15;61381200
2;160x90;3x3;488100
2;160x90;5x5;1605300
2;160x90;7x7;2679500
2;160x90;9x9;8367300
2;160x90;11x11;8104800
2;160x90;13x13;11656700
2;160x90;15x15;15099800
1;80x45;3x3;135000
1;80x45;5x5;561700
1;80x45;7x7;875300
1;80x45;9x9;1431700
1;80x45;11x11;1865100
1;80x45;13x13;2752500
1;80x45;15x15;3677300
5;1280x720;3x3;36066400
5;1280x720;5x5;121319700
5;1280x720;7x7;219140800
5;1280x720;9x9;397761300
5;1280x720;11x11;540503300
5;1280x720;13x13;831604700
5;1280x720;15x15;1039091200
4;640x360;3x3;7123500
4;640x360;5x5;30008500
4;640x360;7x7;54539100
4;640x360;9x9;91345700
4;640x360;11x11;145256000
4;640x360;13x13;187272700
4;640x360;15x15;250663500
3;320x180;3x3;2332700
3;320x180;5x5;7158900
3;320x180;7x7;13378600
3;320x180;9x9;23631900
3;320x180;11x11;30049400
3;320x180;13x13;54928000
3;320x180;15x15;55840000
2;160x90;3x3;553800
2;160x90;5x5;1964400
2;160x90;7x7;3924400
2;160x90;9x9;5143300
2;160x90;11x11;10462200
2;160x90;13x13;11348300
2;160x90;15x15;16682700
1;80x45;3x3;154600
1;80x45;5x5;341000
1;80x45;7x7;661200
1;80x45;9x9;1149900
1;80x45;11x11;1639000
1;80x45;13x13;2439100
1;80x45;15x15;3069700
5;1280x720;3x3;37124900
5;1280x720;5x5;118167000
5;1280x720;7x7;211448800
5;1280x720;9x9;384220000
5;1280x720;11x11;570390800
5;1280x720;13x13;791505200
5;1280x720;15x15;1055392500
4;640x360;3x3;9251900
4;640x360;5x5;29528200
4;640x360;7x7;54571400
4;640x360;9x9;100208500
4;640x360;11x11;140865700
4;640x360;13x13;193171200
4;640x360;15x15;247433700
3;320x180;3x3;2255500
3;320x180;5x5;7210000
3;320x180;7x7;16341000
3;320x180;9x9;26762400
3;320x180;11x11;32433400
3;320x180;13x13;47539500
3;320x180;15x15;72111000
2;160x90;3x3;628600
2;160x90;5x5;1821000
2;160x90;7x7;3238900
2;160x90;9x9;5607500
2;160x90;11x11;8102500
2;160x90;13x13;11190000
2;160x90;15x15;14468200
1;80x45;3x3;141300
1;80x45;5x5;442600
1;80x45;7x7;796700
1;80x45;9x9;1346900
1;80x45;11x11;1973500
1;80x45;13x13;2794100
1;80x45;15x15;3486600
5;1280x720;3x3;39509000
5;1280x720;5x5;120139600
5;1280x720;7x7;227264200
5;1280x720;9x9;398688000
5;1280x720;11x11;544149500
5;1280x720;13x13;785322000
5;1280x720;15x15;1048937800
4;640x360;3x3;8163500
4;640x360;5x5;28652700
4;640x360;7x7;55632400
4;640x360;9x9;95842200
4;640x360;11x11;130339600
4;640x360;13x13;208032900
4;640x360;15x15;258139500
3;320x180;3x3;2190600
3;320x180;5x5;7016100
3;320x180;7x7;13264400
3;320x180;9x9;23190400
3;320x180;11x11;32877100
3;320x180;13x13;48991200
3;320x180;15x15;60733100
2;160x90;3x3;406100
2;160x90;5x5;1411300
2;160x90;7x7;4616400
2;160x90;9x9;6565500
2;160x90;11x11;8067300
2;160x90;13x13;11211700
2;160x90;15x15;15088400
1;80x45;3x3;122200
1;80x45;5x5;411000
1;80x45;7x7;744400
1;80x45;9x9;1290600
1;80x45;11x11;1854500
1;80x45;13x13;2694500
1;80x45;15x15;3461300
5;1280x720;3x3;34521100
5;1280x720;5x5;138222300
5;1280x720;7x7;210847200
5;1280x720;9x9;401141600
5;1280x720;11x11;554784900
5;1280x720;13x13;817390800
5;1280x720;15x15;1052917800
4;640x360;3x3;8943700
4;640x360;5x5;28812600
4;640x360;7x7;64612500
4;640x360;9x9;98045700
4;640x360;11x11;149753100
4;640x360;13x13;193214900
4;640x360;15x15;248842200
3;320x180;3x3;2048500
3;320x180;5x5;7396500
3;320x180;7x7;12842300
3;320x180;9x9;31176000
3;320x180;11x11;33080100
3;320x180;13x13;47013700
3;320x180;15x15;62026600
2;160x90;3x3;489400
2;160x90;5x5;1665400
2;160x90;7x7;3230500
2;160x90;9x9;5667300
2;160x90;11x11;8168800
2;160x90;13x13;15174500
2;160x90;15x15;15960700
1;80x45;3x3;139000
1;80x45;5x5;440700
1;80x45;7x7;786600
1;80x45;9x9;1425000
1;80x45;11x11;1967200
1;80x45;13x13;2722700
1;80x45;15x15;3511800
5;1280x720;3x3;42184100
5;1280x720;5x5;118780500
5;1280x720;7x7;222644900
5;1280x720;9x9;386737300
5;1280x720;11x11;536345700
5;1280x720;13x13;808537600
5;1280x720;15x15;1033935700
4;640x360;3x3;8762100
4;640x360;5x5;38180400
4;640x360;7x7;64084400
4;640x360;9x9;92147900
4;640x360;11x11;146330900
4;640x360;13x13;191051500
4;640x360;15x15;264107800
3;320x180;3x3;2440700
3;320x180;5x5;7229200
3;320x180;7x7;13461500
3;320x180;9x9;22643200
3;320x180;11x11;33268400
3;320x180;13x13;46800400
3;320x180;15x15;61156300
2;160x90;3x3;557200
2;160x90;5x5;1707600
2;160x90;7x7;2817800
2;160x90;9x9;5419200
2;160x90;11x11;7991000
2;160x90;13x13;11114900
2;160x90;15x15;19659600
1;80x45;3x3;158400
1;80x45;5x5;761700
1;80x45;7x7;1344600
1;80x45;9x9;2981800
1;80x45;11x11;4390700
1;80x45;13x13;5685100
1;80x45;15x15;6020400
5;1280x720;3x3;41771700
5;1280x720;5x5;128378300
5;1280x720;7x7;231496200
5;1280x720;9x9;387590000
5;1280x720;11x11;556873600
5;1280x720;13x13;795194000
5;1280x720;15x15;1010197500
4;640x360;3x3;9586800
4;640x360;5x5;27817300
4;640x360;7x7;57453500
4;640x360;9x9;95933500
4;640x360;11x11;132366900
4;640x360;13x13;187168100
4;640x360;15x15;268683200
3;320x180;3x3;5221300
3;320x180;5x5;9674000
3;320x180;7x7;13115900
3;320x180;9x9;23059100
3;320x180;11x11;32670900
3;320x180;13x13;49467900
3;320x180;15x15;65498800
2;160x90;3x3;557300
2;160x90;5x5;1831900
2;160x90;7x7;3365100
2;160x90;9x9;5790200
2;160x90;11x11;8478500
2;160x90;13x13;11766200
2;160x90;15x15;14556900
1;80x45;3x3;120600
1;80x45;5x5;411500
1;80x45;7x7;732700
1;80x45;9x9;1301100
1;80x45;11x11;1915500
1;80x45;13x13;2702700
1;80x45;15x15;3574900
5;1280x720;3x3;36602200
5;1280x720;5x5;129220200
5;1280x720;7x7;216679500
5;1280x720;9x9;402124000
5;1280x720;11x11;554757800
5;1280x720;13x13;807751200
5;1280x720;15x15;1046527000
4;640x360;3x3;8746300
4;640x360;5x5;29271900
4;640x360;7x7;52533900
4;640x360;9x9;91488200
4;640x360;11x11;138287200
4;640x360;13x13;210340800
4;640x360;15x15;249667900
3;320x180;3x3;2023000
3;320x180;5x5;7342600
3;320x180;7x7;13071500
3;320x180;9x9;23953300
3;320x180;11x11;33309600
3;320x180;13x13;47326500
3;320x180;15x15;62578600
2;160x90;3x3;554900
2;160x90;5x5;1814800
2;160x90;7x7;3330100
2;160x90;9x9;6000100
2;160x90;11x11;8124900
2;160x90;13x13;11372400
2;160x90;15x15;14729500
1;80x45;3x3;133900
1;80x45;5x5;447600
1;80x45;7x7;807700
1;80x45;9x9;1374400
1;80x45;11x11;1949700
1;80x45;13x13;2772600
1;80x45;15x15;3676100
5;1280x720;3x3;34843800
5;1280x720;5x5;112338900
5;1280x720;7x7;216566200
5;1280x720;9x9;374322700
5;1280x720;11x11;545793000
5;1280x720;13x13;773265400
5;1280x720;15x15;1047073500
4;640x360;3x3;8366100
4;640x360;5x5;29460300
4;640x360;7x7;58347500
4;640x360;9x9;95835500
4;640x360;11x11;138843100
4;640x360;13x13;220299700
4;640x360;15x15;251581700
3;320x180;3x3;2250300
3;320x180;5x5;7217700
3;320x180;7x7;13455100
3;320x180;9x9;23085500
3;320x180;11x11;32388900
3;320x180;13x13;45526200
3;320x180;15x15;64077800
2;160x90;3x3;410200
2;160x90;5x5;3231200
2;160x90;7x7;6537700
2;160x90;9x9;5757600
2;160x90;11x11;8691600
2;160x90;13x13;12024800
2;160x90;15x15;14840500
1;80x45;3x3;100900
1;80x45;5x5;344500
1;80x45;7x7;667300
1;80x45;9x9;1186300
1;80x45;11x11;1688900
1;80x45;13x13;2397700
1;80x45;15x15;3080100
5;1280x720;3x3;40743500
5;1280x720;5x5;126376200
5;1280x720;7x7;214085100
5;1280x720;9x9;379499400
5;1280x720;11x11;549703800
5;1280x720;13x13;805334000
5;1280x720;15x15;1054720100
4;640x360;3x3;8666300
4;640x360;5x5;32066900
4;640x360;7x7;51477800
4;640x360;9x9;95360900
4;640x360;11x11;138000000
4;640x360;13x13;208989200
4;640x360;15x15;257418200
3;320x180;3x3;2280900
3;320x180;5x5;7436900
3;320x180;7x7;13547500
3;320x180;9x9;22749100
3;320x180;11x11;32359200
3;320x180;13x13;47519100
3;320x180;15x15;58802900
2;160x90;3x3;409900
2;160x90;5x5;1733700
2;160x90;7x7;3305100
2;160x90;9x9;5879500
2;160x90;11x11;8390500
2;160x90;13x13;12158400
2;160x90;15x15;15843300
1;80x45;3x3;151200
1;80x45;5x5;456600
1;80x45;7x7;1536000
1;80x45;9x9;1517400
1;80x45;11x11;2002300
1;80x45;13x13;2876200
1;80x45;15x15;3729400
5;1280x720;3x3;31202400
5;1280x720;5x5;119554800
5;1280x720;7x7;209515800
5;1280x720;9x9;360318500
5;1280x720;11x11;534354000
5;1280x720;13x13;779532500
5;1280x720;15x15;1038264200
4;640x360;3x3;8653400
4;640x360;5x5;31107400
4;640x360;7x7;60136800
4;640x360;9x9;91362000
4;640x360;11x11;138734100
4;640x360;13x13;193752300
4;640x360;15x15;254504800
3;320x180;3x3;2025900
3;320x180;5x5;7119100
3;320x180;7x7;13374200
3;320x180;9x9;22985600
3;320x180;11x11;32178900
3;320x180;13x13;48634500
3;320x180;15x15;62125000
2;160x90;3x3;411600
2;160x90;5x5;1661800
2;160x90;7x7;3127000
2;160x90;9x9;4874600
2;160x90;11x11;8462500
2;160x90;13x13;13794600
2;160x90;15x15;15367700
1;80x45;3x3;149200
1;80x45;5x5;439100
1;80x45;7x7;813800
1;80x45;9x9;1371900
1;80x45;11x11;1951500
1;80x45;13x13;3027100
1;80x45;15x15;3552600
5;1280x720;3x3;36491500
5;1280x720;5x5;120576300
5;1280x720;7x7;214428300
5;1280x720;9x9;386120300
5;1280x720;11x11;543385100
5;1280x720;13x13;837888500
5;1280x720;15x15;1031537400
4;640x360;3x3;9106800
4;640x360;5x5;29870400
4;640x360;7x7;53334800
4;640x360;9x9;92914600
4;640x360;11x11;131854500
4;640x360;13x13;190595100
4;640x360;15x15;252559600
3;320x180;3x3;2298600
3;320x180;5x5;7553000
3;320x180;7x7;13040100
3;320x180;9x9;22906500
3;320x180;11x11;32760900
3;320x180;13x13;48364700
3;320x180;15x15;61654300
2;160x90;3x3;622700
2;160x90;5x5;3615600
2;160x90;7x7;5234300
2;160x90;9x9;5896700
2;160x90;11x11;7732600
2;160x90;13x13;11504700
2;160x90;15x15;14719200
1;80x45;3x3;138600
1;80x45;5x5;446100
1;80x45;7x7;813200
1;80x45;9x9;1373200
1;80x45;11x11;1975500
1;80x45;13x13;2776200
1;80x45;15x15;3499000
5;1280x720;3x3;44329900
5;1280x720;5x5;127474400
5;1280x720;7x7;235767600
5;1280x720;9x9;400459300
5;1280x720;11x11;552231200
5;1280x720;13x13;812728300
5;1280x720;15x15;1080267900
4;640x360;3x3;8193100
4;640x360;5x5;32224700
4;640x360;7x7;52500000
4;640x360;9x9;100115600
4;640x360;11x11;140713700
4;640x360;13x13;192503200
4;640x360;15x15;251833500
3;320x180;3x3;1680900
3;320x180;5x5;6860200
3;320x180;7x7;11930900
3;320x180;9x9;22603100
3;320x180;11x11;33621900
3;320x180;13x13;49671500
3;320x180;15x15;69961100
2;160x90;3x3;644500
2;160x90;5x5;1992700
2;160x90;7x7;3745800
2;160x90;9x9;5757200
2;160x90;11x11;8152400
2;160x90;13x13;11644100
2;160x90;15x15;14560600
1;80x45;3x3;140700
1;80x45;5x5;444400
1;80x45;7x7;813500
1;80x45;9x9;1368300
1;80x45;11x11;1849000
1;80x45;13x13;2712900
1;80x45;15x15;3594000
5;1280x720;3x3;32964000
5;1280x720;5x5;112822100
5;1280x720;7x7;214548200
5;1280x720;9x9;378443600
5;1280x720;11x11;555154000
5;1280x720;13x13;783161300
5;1280x720;15x15;1030845700
4;640x360;3x3;14921200
4;640x360;5x5;32022300
4;640x360;7x7;60112600
4;640x360;9x9;107755300
4;640x360;11x11;135564800
4;640x360;13x13;199867500
4;640x360;15x15;264639600
3;320x180;3x3;2048400
3;320x180;5x5;7416200
3;320x180;7x7;12671800
3;320x180;9x9;23327500
3;320x180;11x11;32516900
3;320x180;13x13;47925400
3;320x180;15x15;61024000
2;160x90;3x3;503100
2;160x90;5x5;1806900
2;160x90;7x7;3286500
2;160x90;9x9;5643800
2;160x90;11x11;11080500
2;160x90;13x13;13385300
2;160x90;15x15;14104600
1;80x45;3x3;124600
1;80x45;5x5;399400
1;80x45;7x7;727900
1;80x45;9x9;1309300
1;80x45;11x11;1778200
1;80x45;13x13;2745800
1;80x45;15x15;3516500
5;1280x720;3x3;38142800
5;1280x720;5x5;119344100
5;1280x720;7x7;229577800
5;1280x720;9x9;378122200
5;1280x720;11x11;554012100
5;1280x720;13x13;822729400
5;1280x720;15x15;1042250700
4;640x360;3x3;10851400
4;640x360;5x5;33672200
4;640x360;7x7;55867300
4;640x360;9x9;90712100
4;640x360;11x11;139729100
4;640x360;13x13;191725500
4;640x360;15x15;259640500
3;320x180;3x3;2325300
3;320x180;5x5;7100400
3;320x180;7x7;13392400
3;320x180;9x9;24564200
3;320x180;11x11;33344300
3;320x180;13x13;52051200
3;320x180;15x15;65788900
2;160x90;3x3;839900
2;160x90;5x5;2526100
2;160x90;7x7;3587600
2;160x90;9x9;5606600
2;160x90;11x11;7588300
2;160x90;13x13;12629000
2;160x90;15x15;13715100
1;80x45;3x3;102100
1;80x45;5x5;344400
1;80x45;7x7;666200
1;80x45;9x9;1218200
1;80x45;11x11;1683800
1;80x45;13x13;2409500
1;80x45;15x15;3111300
5;1280x720;3x3;27478000
5;1280x720;5x5;119494700
5;1280x720;7x7;202849500
5;1280x720;9x9;387262800
5;1280x720;11x11;558224300
5;1280x720;13x13;795485000
5;1280x720;15x15;1019538600
4;640x360;3x3;9172700
4;640x360;5x5;28519700
4;640x360;7x7;51654900
4;640x360;9x9;89213100
4;640x360;11x11;146957700
4;640x360;13x13;195510000
4;640x360;15x15;246819700
3;320x180;3x3;2247000
3;320x180;5x5;7366000
3;320x180;7x7;13361800
3;320x180;9x9;23923400
3;320x180;11x11;35101800
3;320x180;13x13;51234500
3;320x180;15x15;61603200
2;160x90;3x3;424200
2;160x90;5x5;1428200
2;160x90;7x7;2756600
2;160x90;9x9;4851600
2;160x90;11x11;7059200
2;160x90;13x13;10206800
2;160x90;15x15;15037800
1;80x45;3x3;101400
1;80x45;5x5;341200
1;80x45;7x7;673000
1;80x45;9x9;1266000
1;80x45;11x11;1680200
1;80x45;13x13;2410400
1;80x45;15x15;3316000
5;1280x720;3x3;34047200
5;1280x720;5x5;127874300
5;1280x720;7x7;227868700
5;1280x720;9x9;400549900
5;1280x720;11x11;558647200
5;1280x720;13x13;797927100
5;1280x720;15x15;1034619600
4;640x360;3x3;6912900
4;640x360;5x5;30836700
4;640x360;7x7;54415900
4;640x360;9x9;89321400
4;640x360;11x11;134868100
4;640x360;13x13;206702000
4;640x360;15x15;252711500
3;320x180;3x3;1652700
3;320x180;5x5;5754900
3;320x180;7x7;12908600
3;320x180;9x9;21598700
3;320x180;11x11;28997100
3;320x180;13x13;42381100
3;320x180;15x15;59090500
2;160x90;3x3;407500
2;160x90;5x5;1402300
2;160x90;7x7;2723500
2;160x90;9x9;5783000
2;160x90;11x11;8857800
2;160x90;13x13;10055500
2;160x90;15x15;13950000
1;80x45;3x3;139700
1;80x45;5x5;442800
1;80x45;7x7;793900
1;80x45;9x9;1388600
1;80x45;11x11;1981300
1;80x45;13x13;2634800
1;80x45;15x15;3316700
5;1280x720;3x3;41558400
5;1280x720;5x5;128837300
5;1280x720;7x7;224997500
5;1280x720;9x9;395227500
5;1280x720;11x11;539213700
5;1280x720;13x13;816100300
5;1280x720;15x15;1059780700
4;640x360;3x3;8542500
4;640x360;5x5;27698900
4;640x360;7x7;55331600
4;640x360;9x9;101068300
4;640x360;11x11;139149700
4;640x360;13x13;199310900
4;640x360;15x15;274623600
3;320x180;3x3;2417300
3;320x180;5x5;7835500
3;320x180;7x7;14405100
3;320x180;9x9;24928100
3;320x180;11x11;34835200
3;320x180;13x13;53887600
3;320x180;15x15;74009200
2;160x90;3x3;556500
2;160x90;5x5;1803500
2;160x90;7x7;3302900
2;160x90;9x9;5688100
2;160x90;11x11;8201000
2;160x90;13x13;11543000
2;160x90;15x15;15732700
1;80x45;3x3;134500
1;80x45;5x5;446100
1;80x45;7x7;803400
1;80x45;9x9;1405400
1;80x45;11x11;1987400
1;80x45;13x13;2767800
1;80x45;15x15;3584500
5;1280x720;3x3;39784600
5;1280x720;5x5;120881500
5;1280x720;7x7;228408400
5;1280x720;9x9;406945300
5;1280x720;11x11;538220900
5;1280x720;13x13;800270700
5;1280x720;15x15;1016802900
4;640x360;3x3;7176700
4;640x360;5x5;25670200
4;640x360;7x7;58575500
4;640x360;9x9;100191500
4;640x360;11x11;137849800
4;640x360;13x13;210734500
4;640x360;15x15;258457300
3;320x180;3x3;2288000
3;320x180;5x5;7288200
3;320x180;7x7;11661800
3;320x180;9x9;23495200
3;320x180;11x11;32576400
3;320x180;13x13;43670800
3;320x180;15x15;64370900
2;160x90;3x3;652500
2;160x90;5x5;1886500
2;160x90;7x7;3517500
2;160x90;9x9;5918700
2;160x90;11x11;8770300
2;160x90;13x13;12339400
2;160x90;15x15;16052400
1;80x45;3x3;152600
1;80x45;5x5;487600
1;80x45;7x7;896700
1;80x45;9x9;1457900
1;80x45;11x11;2048000
1;80x45;13x13;2973400
1;80x45;15x15;3556000
5;1280x720;3x3;42596900
5;1280x720;5x5;116897800
5;1280x720;7x7;200749700
5;1280x720;9x9;399960900
5;1280x720;11x11;546391000
5;1280x720;13x13;841701600
5;1280x720;15x15;1059600300
4;640x360;3x3;9029300
4;640x360;5x5;30573200
4;640x360;7x7;55673700
4;640x360;9x9;93518700
4;640x360;11x11;137427000
4;640x360;13x13;213253200
4;640x360;15x15;262832100
3;320x180;3x3;2235700
3;320x180;5x5;7434300
3;320x180;7x7;13183500
3;320x180;9x9;31544200
3;320x180;11x11;34457500
3;320x180;13x13;49731600
3;320x180;15x15;69614200
2;160x90;3x3;560400
2;160x90;5x5;1807700
2;160x90;7x7;3437500
2;160x90;9x9;5391800
2;160x90;11x11;8134200
2;160x90;13x13;11847500
2;160x90;15x15;15117000
1;80x45;3x3;132300
1;80x45;5x5;448900
1;80x45;7x7;811100
1;80x45;9x9;1378600
1;80x45;11x11;1935400
1;80x45;13x13;2785700
1;80x45;15x15;3550200
5;1280x720;3x3;40149100
5;1280x720;5x5;124351100
5;1280x720;7x7;223647900
5;1280x720;9x9;418851300
5;1280x720;11x11;572513900
5;1280x720;13x13;802210300
5;1280x720;15x15;1026565800
4;640x360;3x3;8449200
4;640x360;5x5;25183700
4;640x360;7x7;53733300
4;640x360;9x9;91882300
4;640x360;11x11;143603300
4;640x360;13x13;193251100
4;640x360;15x15;251950200
3;320x180;3x3;1659600
3;320x180;5x5;5901100
3;320x180;7x7;13011600
3;320x180;9x9;23570600
3;320x180;11x11;31392000
3;320x180;13x13;47354400
3;320x180;15x15;61805500
2;160x90;3x3;414100
2;160x90;5x5;1449500
2;160x90;7x7;5115000
2;160x90;9x9;5349700
2;160x90;11x11;8350200
2;160x90;13x13;11750200
2;160x90;15x15;13989400
1;80x45;3x3;101700
1;80x45;5x5;342900
1;80x45;7x7;647100
1;80x45;9x9;1173500
1;80x45;11x11;2465300
1;80x45;13x13;5342600
1;80x45;15x15;4854400
5;1280x720;3x3;58871800
5;1280x720;5x5;116775700
5;1280x720;7x7;229293600
5;1280x720;9x9;404903500
5;1280x720;11x11;559091300
5;1280x720;13x13;800352600
5;1280x720;15x15;1063750200
4;640x360;3x3;9197300
4;640x360;5x5;28920700
4;640x360;7x7;53677300
4;640x360;9x9;92657900
4;640x360;11x11;137935200
4;640x360;13x13;198389600
4;640x360;15x15;248923000
3;320x180;3x3;2192100
3;320x180;5x5;11509000
3;320x180;7x7;12881800
3;320x180;9x9;23670100
3;320x180;11x11;33684700
3;320x180;13x13;48586000
3;320x180;15x15;63219900
2;160x90;3x3;544900
2;160x90;5x5;1771100
2;160x90;7x7;3320000
2;160x90;9x9;5562300
2;160x90;11x11;8034000
2;160x90;13x13;11645700
2;160x90;15x15;14956000
1;80x45;3x3;143500
1;80x45;5x5;437100
1;80x45;7x7;798000
1;80x45;9x9;1347900
1;80x45;11x11;1911300
1;80x45;13x13;2770500
1;80x45;15x15;3475900
5;1280x720;3x3;42310300
5;1280x720;5x5;118333100
5;1280x720;7x7;237690300
5;1280x720;9x9;393412900
5;1280x720;11x11;546090200
5;1280x720;13x13;823461500
5;1280x720;15x15;1048010800
4;640x360;3x3;8561300
4;640x360;5x5;33405900
4;640x360;7x7;66243000
4;640x360;9x9;98737300
4;640x360;11x11;139972000
4;640x360;13x13;201875900
4;640x360;15x15;263427700
3;320x180;3x3;1975900
3;320x180;5x5;7096000
3;320x180;7x7;13022100
3;320x180;9x9;22799800
3;320x180;11x11;32582300
3;320x180;13x13;51632500
3;320x180;15x15;67710100
2;160x90;3x3;543800
2;160x90;5x5;1846400
2;160x90;7x7;3336000
2;160x90;9x9;5641500
2;160x90;11x11;8153600
2;160x90;13x13;11626200
2;160x90;15x15;15550700
1;80x45;3x3;198500
1;80x45;5x5;477800
1;80x45;7x7;823600
1;80x45;9x9;1488700
1;80x45;11x11;1989600
1;80x45;13x13;2723400
1;80x45;15x15;4012400
5;1280x720;3x3;42418000
5;1280x720;5x5;118529600
5;1280x720;7x7;215424400
5;1280x720;9x9;394717200
5;1280x720;11x11;547773500
5;1280x720;13x13;838553300
5;1280x720;15x15;1043869900
4;640x360;3x3;9236900
4;640x360;5x5;29826400
4;640x360;7x7;57070000
4;640x360;9x9;94274400
4;640x360;11x11;136478500
4;640x360;13x13;207840900
4;640x360;15x15;268908700
3;320x180;3x3;2211300
3;320x180;5x5;7794100
3;320x180;7x7;13279300
3;320x180;9x9;23171900
3;320x180;11x11;32961300
3;320x180;13x13;56588500
3;320x180;15x15;62516100
2;160x90;3x3;553600
2;160x90;5x5;1803200
2;160x90;7x7;3329000
2;160x90;9x9;5577000
2;160x90;11x11;14209400
2;160x90;13x13;15485900
2;160x90;15x15;15430300
1;80x45;3x3;133100
1;80x45;5x5;466600
1;80x45;7x7;824800
1;80x45;9x9;1372400
1;80x45;11x11;1943200
1;80x45;13x13;2899600
1;80x45;15x15;3539600
5;1280x720;3x3;35896300
5;1280x720;5x5;127692100
5;1280x720;7x7;225047800
5;1280x720;9x9;396424300
5;1280x720;11x11;547276300
5;1280x720;13x13;821728000
5;1280x720;15x15;1052280600
4;640x360;3x3;9071900
4;640x360;5x5;31398600
4;640x360;7x7;53945700
4;640x360;9x9;87252400
4;640x360;11x11;130543500
4;640x360;13x13;203502700
4;640x360;15x15;255714900
3;320x180;3x3;1914700
3;320x180;5x5;5735400
3;320x180;7x7;10979900
3;320x180;9x9;21324100
3;320x180;11x11;31895100
3;320x180;13x13;48376400
3;320x180;15x15;71829100
2;160x90;3x3;542100
2;160x90;5x5;2414800
2;160x90;7x7;3759500
2;160x90;9x9;5631600
2;160x90;11x11;8038400
2;160x90;13x13;11552400
2;160x90;15x15;14997800
1;80x45;3x3;133700
1;80x45;5x5;440900
1;80x45;7x7;815400
1;80x45;9x9;1369700
1;80x45;11x11;1954400
1;80x45;13x13;2801500
1;80x45;15x15;3610500
5;1280x720;3x3;34064800
5;1280x720;5x5;112771500
5;1280x720;7x7;241314000
5;1280x720;9x9;393906300
5;1280x720;11x11;542683000
5;1280x720;13x13;805589900
5;1280x720;15x15;1064835200
4;640x360;3x3;9136900
4;640x360;5x5;36480200
4;640x360;7x7;51496400
4;640x360;9x9;100713600
4;640x360;11x11;134819000
4;640x360;13x13;205525500
4;640x360;15x15;251215800
3;320x180;3x3;2216500
3;320x180;5x5;7296700
3;320x180;7x7;13488200
3;320x180;9x9;23439800
3;320x180;11x11;32187500
3;320x180;13x13;46997100
3;320x180;15x15;60571000
2;160x90;3x3;556100
2;160x90;5x5;1418900
2;160x90;7x7;5454800
2;160x90;9x9;7474900
2;160x90;11x11;12782900
2;160x90;13x13;19780700
2;160x90;15x15;21743500
1;80x45;3x3;133200
1;80x45;5x5;448300
1;80x45;7x7;787900
1;80x45;9x9;1352700
1;80x45;11x11;1920400
1;80x45;13x13;2781500
1;80x45;15x15;3561000
5;1280x720;3x3;32183200
5;1280x720;5x5;120418100
5;1280x720;7x7;217999700
5;1280x720;9x9;387213500
5;1280x720;11x11;547461800
5;1280x720;13x13;778360800
5;1280x720;15x15;1024381600
4;640x360;3x3;9951600
4;640x360;5x5;29892000
4;640x360;7x7;55905200
4;640x360;9x9;92684400
4;640x360;11x11;132463300
4;640x360;13x13;203848100
4;640x360;15x15;273213800
3;320x180;3x3;4097700
3;320x180;5x5;14767800
3;320x180;7x7;14499900
3;320x180;9x9;22782400
3;320x180;11x11;33183900
3;320x180;13x13;44861700
3;320x180;15x15;60362600
2;160x90;3x3;547100
2;160x90;5x5;1773700
2;160x90;7x7;3260000
2;160x90;9x9;5807200
2;160x90;11x11;8232400
2;160x90;13x13;11221000
2;160x90;15x15;15090300
1;80x45;3x3;131500
1;80x45;5x5;439500
1;80x45;7x7;803900
1;80x45;9x9;1451000
1;80x45;11x11;2243400
1;80x45;13x13;3079600
1;80x45;15x15;4118000
5;1280x720;3x3;35225600
5;1280x720;5x5;126321300
5;1280x720;7x7;214575100
5;1280x720;9x9;395545700
5;1280x720;11x11;550879600
5;1280x720;13x13;802539900
5;1280x720;15x15;1049242800
4;640x360;3x3;8526000
4;640x360;5x5;28117800
4;640x360;7x7;55838800
4;640x360;9x9;98926100
4;640x360;11x11;131945500
4;640x360;13x13;199963500
4;640x360;15x15;264823000
3;320x180;3x3;2276000
3;320x180;5x5;7448600
3;320x180;7x7;13832400
3;320x180;9x9;23696400
3;320x180;11x11;31503000
3;320x180;13x13;49400600
3;320x180;15x15;59949300
2;160x90;3x3;542100
2;160x90;5x5;1794400
2;160x90;7x7;3374600
2;160x90;9x9;5507700
2;160x90;11x11;7957400
2;160x90;13x13;11569400
2;160x90;15x15;14991900
1;80x45;3x3;140200
1;80x45;5x5;440700
1;80x45;7x7;795200
1;80x45;9x9;1402800
1;80x45;11x11;1913900
1;80x45;13x13;2732000
1;80x45;15x15;3579000
5;1280x720;3x3;37746100
5;1280x720;5x5;113677000
5;1280x720;7x7;211557200
5;1280x720;9x9;375940400
5;1280x720;11x11;561794000
5;1280x720;13x13;795216900
5;1280x720;15x15;1062389700
4;640x360;3x3;10250700
4;640x360;5x5;30918600
4;640x360;7x7;58174600
4;640x360;9x9;93759100
4;640x360;11x11;138044600
4;640x360;13x13;203336900
4;640x360;15x15;262455100
3;320x180;3x3;2193800
3;320x180;5x5;7495600
3;320x180;7x7;13967900
3;320x180;9x9;23116000
3;320x180;11x11;32986000
3;320x180;13x13;48698500
3;320x180;15x15;64069200
2;160x90;3x3;547300
2;160x90;5x5;1808000
2;160x90;7x7;3271700
2;160x90;9x9;5615300
2;160x90;11x11;8232700
2;160x90;13x13;11656000
2;160x90;15x15;15025000
1;80x45;3x3;128600
1;80x45;5x5;445900
1;80x45;7x7;789600
1;80x45;9x9;1460800
1;80x45;11x11;1911000
1;80x45;13x13;2842600
1;80x45;15x15;3501800
5;1280x720;3x3;39092700
5;1280x720;5x5;134819200
5;1280x720;7x7;220591700
5;1280x720;9x9;390441800
5;1280x720;11x11;555805100
5;1280x720;13x13;805311100
5;1280x720;15x15;1008843500
4;640x360;3x3;8806200
4;640x360;5x5;28669700
4;640x360;7x7;53806600
4;640x360;9x9;104515500
4;640x360;11x11;132337400
4;640x360;13x13;211445700
4;640x360;15x15;268715300
3;320x180;3x3;2223200
3;320x180;5x5;7313100
3;320x180;7x7;13462600
3;320x180;9x9;22639900
3;320x180;11x11;34312800
3;320x180;13x13;46986300
3;320x180;15x15;65498700
2;160x90;3x3;555400
2;160x90;5x5;1809400
2;160x90;7x7;3355700
2;160x90;9x9;5694200
2;160x90;11x11;8174700
2;160x90;13x13;11569200
2;160x90;15x15;14886000
1;80x45;3x3;141300
1;80x45;5x5;429700
1;80x45;7x7;794000
1;80x45;9x9;1360100
1;80x45;11x11;1910900
1;80x45;13x13;2739400
1;80x45;15x15;3547500
5;1280x720;3x3;43140600
5;1280x720;5x5;120552000
5;1280x720;7x7;233278500
5;1280x720;9x9;379512800
5;1280x720;11x11;558733200
5;1280x720;13x13;786160800
5;1280x720;15x15;1025080100
4;640x360;3x3;7304000
4;640x360;5x5;31856300
4;640x360;7x7;49101400
4;640x360;9x9;98198100
4;640x360;11x11;140032800
4;640x360;13x13;201563700
4;640x360;15x15;249245500
3;320x180;3x3;4997400
3;320x180;5x5;13340700
3;320x180;7x7;13066500
3;320x180;9x9;23499500
3;320x180;11x11;39884100
3;320x180;13x13;47890400
3;320x180;15x15;61486800
2;160x90;3x3;558500
2;160x90;5x5;1815400
2;160x90;7x7;3347000
2;160x90;9x9;5581600
2;160x90;11x11;8622200
2;160x90;13x13;11888700
2;160x90;15x15;15121500
1;80x45;3x3;142400
1;80x45;5x5;441300
1;80x45;7x7;789500
1;80x45;9x9;1337800
1;80x45;11x11;1911300
1;80x45;13x13;2814200
1;80x45;15x15;3523500
5;1280x720;3x3;38851900
5;1280x720;5x5;120060400
5;1280x720;7x7;238088400
5;1280x720;9x9;396601800
5;1280x720;11x11;541029300
5;1280x720;13x13;786266700
5;1280x720;15x15;1007286200
4;640x360;3x3;9370400
4;640x360;5x5;28994600
4;640x360;7x7;54535100
4;640x360;9x9;94085600
4;640x360;11x11;131436500
4;640x360;13x13;191672600
4;640x360;15x15;257463700
3;320x180;3x3;2539100
3;320x180;5x5;7328600
3;320x180;7x7;13731200
3;320x180;9x9;23685900
3;320x180;11x11;32928700
3;320x180;13x13;49830900
3;320x180;15x15;65754300
2;160x90;3x3;560800
2;160x90;5x5;1805000
2;160x90;7x7;3408500
2;160x90;9x9;5907300
2;160x90;11x11;9212800
2;160x90;13x13;12036200
2;160x90;15x15;15350800
1;80x45;3x3;144500
1;80x45;5x5;441200
1;80x45;7x7;806800
1;80x45;9x9;1380100
1;80x45;11x11;2065400
1;80x45;13x13;2826800
1;80x45;15x15;3617700
5;1280x720;3x3;37738900
5;1280x720;5x5;121556600
5;1280x720;7x7;216754200
5;1280x720;9x9;392297000
5;1280x720;11x11;564015200
5;1280x720;13x13;815984100
5;1280x720;15x15;1069265000
4;640x360;3x3;8688600
4;640x360;5x5;28870600
4;640x360;7x7;63177700
4;640x360;9x9;100072000
4;640x360;11x11;146421000
4;640x360;13x13;213285800
4;640x360;15x15;260612200
3;320x180;3x3;2200800
3;320x180;5x5;7131500
3;320x180;7x7;21073900
3;320x180;9x9;22749300
3;320x180;11x11;41264700
3;320x180;13x13;51568300
3;320x180;15x15;71369800
2;160x90;3x3;551500
2;160x90;5x5;1836500
2;160x90;7x7;3315900
2;160x90;9x9;6059300
2;160x90;11x11;7869700
2;160x90;13x13;15144600
2;160x90;15x15;14713400
1;80x45;3x3;130400
1;80x45;5x5;437500
1;80x45;7x7;915300
1;80x45;9x9;1390300
1;80x45;11x11;1936400
1;80x45;13x13;2756500
1;80x45;15x15;3803700
5;1280x720;3x3;37281700
5;1280x720;5x5;113099500
5;1280x720;7x7;216049200
5;1280x720;9x9;384653200
5;1280x720;11x11;544740900
5;1280x720;13x13;762916000
5;1280x720;15x15;1064158200
4;640x360;3x3;8535900
4;640x360;5x5;30830800
4;640x360;7x7;53590200
4;640x360;9x9;112171600
4;640x360;11x11;134515400
4;640x360;13x13;212270800
4;640x360;15x15;264267500
3;320x180;3x3;2025000
3;320x180;5x5;7272400
3;320x180;7x7;13184800
3;320x180;9x9;26603900
3;320x180;11x11;32602100
3;320x180;13x13;47323800
3;320x180;15x15;66658000
2;160x90;3x3;555200
2;160x90;5x5;1826000
2;160x90;7x7;3458300
2;160x90;9x9;5874900
2;160x90;11x11;9406200
2;160x90;13x13;12499300
2;160x90;15x15;15362900
1;80x45;3x3;137200
1;80x45;5x5;444900
1;80x45;7x7;896700
1;80x45;9x9;1347600
1;80x45;11x11;1956600
1;80x45;13x13;2724000
1;80x45;15x15;3528100
5;1280x720;3x3;47450100
5;1280x720;5x5;132352300
5;1280x720;7x7;213983200
5;1280x720;9x9;395957600
5;1280x720;11x11;548777600
5;1280x720;13x13;803287300
5;1280x720;15x15;1065342900
4;640x360;3x3;8996800
4;640x360;5x5;28500300
4;640x360;7x7;55743600
4;640x360;9x9;93575500
4;640x360;11x11;136724600
4;640x360;13x13;203401200
4;640x360;15x15;272613200
3;320x180;3x3;2186000
3;320x180;5x5;6831700
3;320x180;7x7;12788400
3;320x180;9x9;22971700
3;320x180;11x11;44344100
3;320x180;13x13;49571000
3;320x180;15x15;59595000
2;160x90;3x3;412200
2;160x90;5x5;1404200
2;160x90;7x7;2825000
2;160x90;9x9;6734400
2;160x90;11x11;14551300
2;160x90;13x13;11859100
2;160x90;15x15;14913900
1;80x45;3x3;135200
1;80x45;5x5;440400
1;80x45;7x7;793600
1;80x45;9x9;1360200
1;80x45;11x11;2021800
1;80x45;13x13;2727800
1;80x45;15x15;3514400
5;1280x720;3x3;36224800
5;1280x720;5x5;119508900
5;1280x720;7x7;232961600
5;1280x720;9x9;396420100
5;1280x720;11x11;569160200
5;1280x720;13x13;797856100
5;1280x720;15x15;1055052600
4;640x360;3x3;9230700
4;640x360;5x5;29033600
4;640x360;7x7;53622100
4;640x360;9x9;116693500
4;640x360;11x11;146817800
4;640x360;13x13;215427100
4;640x360;15x15;258846700
3;320x180;3x3;2187400
3;320x180;5x5;6786200
3;320x180;7x7;13139700
3;320x180;9x9;22947700
3;320x180;11x11;33510300
3;320x180;13x13;48676200
3;320x180;15x15;61491100
2;160x90;3x3;562000
2;160x90;5x5;1853000
2;160x90;7x7;3438700
2;160x90;9x9;5778700
2;160x90;11x11;7840200
2;160x90;13x13;14470900
2;160x90;15x15;14980600
1;80x45;3x3;144500
1;80x45;5x5;431900
1;80x45;7x7;809300
1;80x45;9x9;1366800
1;80x45;11x11;1900300
1;80x45;13x13;2719400
1;80x45;15x15;3728400
5;1280x720;3x3;39614600
5;1280x720;5x5;118077200
5;1280x720;7x7;225004200
5;1280x720;9x9;403878700
5;1280x720;11x11;546941000
5;1280x720;13x13;835477300
5;1280x720;15x15;1057244300
4;640x360;3x3;9034400
4;640x360;5x5;29495000
4;640x360;7x7;53060800
4;640x360;9x9;97806800
4;640x360;11x11;141935200
4;640x360;13x13;207910300
4;640x360;15x15;263258300
3;320x180;3x3;2199500
3;320x180;5x5;7230400
3;320x180;7x7;18389300
3;320x180;9x9;23421800
3;320x180;11x11;33489400
3;320x180;13x13;46792600
3;320x180;15x15;61708000
2;160x90;3x3;579700
2;160x90;5x5;1803600
2;160x90;7x7;3320400
2;160x90;9x9;5676300
2;160x90;11x11;8003800
2;160x90;13x13;11400800
2;160x90;15x15;14426000
1;80x45;3x3;136200
1;80x45;5x5;442600
1;80x45;7x7;792400
1;80x45;9x9;1348700
1;80x45;11x11;1914500
1;80x45;13x13;2802200
1;80x45;15x15;3497400
5;1280x720;3x3;36455500
5;1280x720;5x5;121167500
5;1280x720;7x7;225998200
5;1280x720;9x9;383583600
5;1280x720;11x11;553781800
5;1280x720;13x13;776807000
5;1280x720;15x15;1028243700
4;640x360;3x3;8904100
4;640x360;5x5;29485800
4;640x360;7x7;53070600
4;640x360;9x9;94539000
4;640x360;11x11;134276400
4;640x360;13x13;198419600
4;640x360;15x15;257072400
3;320x180;3x3;1905500
3;320x180;5x5;7312500
3;320x180;7x7;13356300
3;320x180;9x9;24519300
3;320x180;11x11;35259400
3;320x180;13x13;47284100
3;320x180;15x15;61776800
2;160x90;3x3;547200
2;160x90;5x5;1774500
2;160x90;7x7;3439200
2;160x90;9x9;5710500
2;160x90;11x11;8121200
2;160x90;13x13;11595900
2;160x90;15x15;14396500
1;80x45;3x3;109500
1;80x45;5x5;336500
1;80x45;7x7;670100
1;80x45;9x9;1151100
1;80x45;11x11;1704600
1;80x45;13x13;2759100
1;80x45;15x15;3846200
5;1280x720;3x3;45406300
5;1280x720;5x5;124566300
5;1280x720;7x7;220451600
5;1280x720;9x9;390118800
5;1280x720;11x11;565128000
5;1280x720;13x13;805662700
5;1280x720;15x15;1052343200
4;640x360;3x3;9042700
4;640x360;5x5;28592200
4;640x360;7x7;55825000
4;640x360;9x9;100019200
4;640x360;11x11;143680600
4;640x360;13x13;193519200
4;640x360;15x15;265313700
3;320x180;3x3;2344500
3;320x180;5x5;7198700
3;320x180;7x7;13577500
3;320x180;9x9;23671400
3;320x180;11x11;32810300
3;320x180;13x13;46566600
3;320x180;15x15;60821100
2;160x90;3x3;498500
2;160x90;5x5;1693300
2;160x90;7x7;3347400
2;160x90;9x9;5647400
2;160x90;11x11;8105900
2;160x90;13x13;11085400
2;160x90;15x15;15020900
1;80x45;3x3;136600
1;80x45;5x5;444500
1;80x45;7x7;789500
1;80x45;9x9;1267600
1;80x45;11x11;1830200
1;80x45;13x13;2531500
1;80x45;15x15;3524200
5;1280x720;3x3;39344000
5;1280x720;5x5;120306000
5;1280x720;7x7;217804400
5;1280x720;9x9;386563200
5;1280x720;11x11;570369600
5;1280x720;13x13;806021400
5;1280x720;15x15;1035884500
4;640x360;3x3;8707900
4;640x360;5x5;27714100
4;640x360;7x7;55172800
4;640x360;9x9;93739400
4;640x360;11x11;134749000
4;640x360;13x13;192291700
4;640x360;15x15;252466600
3;320x180;3x3;2342500
3;320x180;5x5;7216400
3;320x180;7x7;14084000
3;320x180;9x9;22112700
3;320x180;11x11;34138000
3;320x180;13x13;45590