size;resolution;nanoseconds
5;1280x720;1990000
4;640x360;629800
3;320x180;405100
2;160x90;315600
1;80x45;274400
5;1280x720;2608900
4;640x360;741300
3;320x180;453600
2;160x90;432200
1;80x45;302600
5;1280x720;1810100
4;640x360;570400
3;320x180;335700
2;160x90;301800
1;80x45;286800
5;1280x720;1818200
4;640x360;547700
3;320x180;409900
2;160x90;484500
1;80x45;522900
5;1280x720;2303700
4;640x360;706000
3;320x180;358100
2;160x90;326900
1;80x45;279700
5;1280x720;2042900
4;640x360;639200
3;320x180;393600
2;160x90;446700
1;80x45;435400
5;1280x720;5964100
4;640x360;1647600
3;320x180;785200
2;160x90;577400
1;80x45;518400
5;1280x720;6057000
4;640x360;1622500
3;320x180;897700
2;160x90;601800
1;80x45;535800
5;1280x720;6500800
4;640x360;1604000
3;320x180;725200
2;160x90;532000
1;80x45;489900
5;1280x720;8178200
4;640x360;3660800
3;320x180;1990500
2;160x90;1481200
1;80x45;1188900
5;1280x720;6020900
4;640x360;1476200
3;320x180;696200
2;160x90;517600
1;80x45;449600
5;1280x720;6801500
4;640x360;1516600
3;320x180;807600
2;160x90;630900
1;80x45;545600
5;1280x720;6945000
4;640x360;1785400
3;320x180;998800
2;160x90;734500
1;80x45;596500
5;1280x720;5880300
4;640x360;1515800
3;320x180;750500
2;160x90;558200
1;80x45;501600
5;1280x720;6514900
4;640x360;1588100
3;320x180;827700
2;160x90;566400
1;80x45;523700
5;1280x720;5889000
4;640x360;1682100
3;320x180;833700
2;160x90;1228100
1;80x45;4019600
5;1280x720;6595400
4;640x360;1985900
3;320x180;1243800
2;160x90;1074500
1;80x45;1089500
5;1280x720;6651900
4;640x360;2117800
3;320x180;7792400
2;160x90;2423800
1;80x45;1951000
5;1280x720;2610600
4;640x360;637800
3;320x180;441000
2;160x90;335700
1;80x45;313900
5;1280x720;2085700
4;640x360;579600
3;320x180;392200
2;160x90;312100
1;80x45;283900
5;1280x720;2111000
4;640x360;615400
3;320x180;388700
2;160x90;334400
1;80x45;298900
5;1280x720;1945100
4;640x360;720500
3;320x180;498900
2;160x90;4205600
1;80x45;1229700
5;1280x720;2390900
4;640x360;696500
3;320x180;532500
2;160x90;430100
1;80x45;372400
5;1280x720;1831100
4;640x360;589600
3;320x180;370400
2;160x90;372400
1;80x45;298500
5;1280x720;5827600
4;640x360;1464500
3;320x180;701500
2;160x90;514500
1;80x45;473000
5;1280x720;6220600
4;640x360;1921600
3;320x180;1117700
2;160x90;920400
1;80x45;884100
5;1280x720;6503800
4;640x360;1554700
3;320x180;1131800
2;160x90;980000
1;80x45;887000
5;1280x720;6551500
4;640x360;1639500
3;320x180;1228800
2;160x90;1200800
1;80x45;879500
5;1280x720;6789200
4;640x360;1972100
3;320x180;1250700
2;160x90;559500
1;80x45;909100
5;1280x720;10918800
4;640x360;2009500
3;320x180;1280600
2;160x90;1176700
1;80x45;1099600
5;1280x720;6450800
4;640x360;1892500
3;320x180;1130600
2;160x90;939000
1;80x45;874200
5;1280x720;7019400
4;640x360;2114400
3;320x180;1288900
2;160x90;936300
1;80x45;880100
5;1280x720;7162400
4;640x360;2530400
3;320x180;1499700
2;160x90;647800
1;80x45;1022800
5;1280x720;7041600
4;640x360;2125700
3;320x180;1218200
2;160x90;1051100
1;80x45;929400
5;1280x720;6430900
4;640x360;2122600
3;320x180;1155000
2;160x90;929900
1;80x45;883700
5;1280x720;6736600
4;640x360;2142500
3;320x180;1024200
2;160x90;6713800
1;80x45;1025700
5;1280x720;6634500
4;640x360;1939000
3;320x180;1132400
2;160x90;1027000
1;80x45;466700
5;1280x720;6915700
4;640x360;1967600
3;320x180;1145500
2;160x90;1070000
1;80x45;980000
5;1280x720;7050900
4;640x360;2030400
3;320x180;1114800
2;160x90;955400
1;80x45;903700
5;1280x720;6746300
4;640x360;2160500
3;320x180;1311000
2;160x90;1202600
1;80x45;1257300
5;1280x720;6686100
4;640x360;1620200
3;320x180;1212000
2;160x90;960300
1;80x45;945300
5;1280x720;6742700
4;640x360;1968100
3;320x180;1095400
2;160x90;950400
1;80x45;875300
5;1280x720;7127300
4;640x360;7476000
3;320x180;1209900
2;160x90;957000
1;80x45;907300
5;1280x720;7583500
4;640x360;2618000
3;320x180;1713100
2;160x90;784300
1;80x45;578800
5;1280x720;6772800
4;640x360;1888200
3;320x180;1105600
2;160x90;928600
1;80x45;876400
5;1280x720;3583700
4;640x360;1851900
3;320x180;702300
2;160x90;696000
1;80x45;2162000
5;1280x720;2067100
4;640x360;587000
3;320x180;371200
2;160x90;314600
1;80x45;297100
5;1280x720;2077600
4;640x360;627900
3;320x180;378600
2;160x90;343300
1;80x45;306800
5;1280x720;1747100
4;640x360;560200
3;320x180;349900
2;160x90;340400
1;80x45;292300
5;1280x720;1982400
4;640x360;632500
3;320x180;342400
2;160x90;293200
1;80x45;266900
5;1280x720;2292900
4;640x360;1604700
3;320x180;586100
2;160x90;906800
1;80x45;1816100
5;1280x720;5255900
4;640x360;752200
3;320x180;533900
2;160x90;799300
1;80x45;950700
5;1280x720;2181800
4;640x360;775400
3;320x180;546900
2;160x90;411800
1;80x45;347500
5;1280x720;4297000
4;640x360;1375100
3;320x180;925600
2;160x90;803700
1;80x45;520700
5;1280x720;6685700
4;640x360;2424500
3;320x180;1408300
2;160x90;1208600
1;80x45;997600
5;1280x720;7127600
4;640x360;2137800
3;320x180;1413400
2;160x90;1077300
1;80x45;1038200
5;1280x720;6789300
4;640x360;2279400
3;320x180;1325900
2;160x90;1036400
1;80x45;966500
5;1280x720;6639300
4;640x360;2117500
3;320x180;1162800
2;160x90;916600
1;80x45;844600
5;1280x720;6892200
4;640x360;2431700
3;320x180;1593300
2;160x90;1125100
1;80x45;1100000
5;1280x720;7129100
4;640x360;1949900
3;320x180;1130500
2;160x90;986900
1;80x45;891000
5;1280x720;6858100
4;640x360;1978100
3;320x180;1135100
2;160x90;1160600
1;80x45;1195600
5;1280x720;7005200
4;640x360;1905000
3;320x180;1159500
2;160x90;1022300
1;80x45;1073800
5;1280x720;6755000
4;640x360;1974000
3;320x180;1156700
2;160x90;973300
1;80x45;917700
5;1280x720;2317300
4;640x360;600300
3;320x180;372800
2;160x90;320400
1;80x45;293500
5;1280x720;2067400
4;640x360;575100
3;320x180;377900
2;160x90;354200
1;80x45;298600
5;1280x720;2630500
4;640x360;864700
3;320x180;749900
2;160x90;526700
1;80x45;555600
5;1280x720;1804000
4;640x360;606100
3;320x180;346000
2;160x90;469900
1;80x45;286400
5;1280x720;2352000
4;640x360;663600
3;320x180;421400
2;160x90;395300
1;80x45;348200
5;1280x720;2540000
4;640x360;612600
3;320x180;414300
2;160x90;365300
1;80x45;330100
5;1280x720;2195600
4;640x360;812400
3;320x180;441700
2;160x90;444900
1;80x45;352100
5;1280x720;3745400
4;640x360;1031800
3;320x180;645800
2;160x90;590800
1;80x45;652300
5;1280x720;5924400
4;640x360;1620600
3;320x180;739200
2;160x90;519400
1;80x45;445700
5;1280x720;6017400
4;640x360;1607600
3;320x180;771700
2;160x90;532600
1;80x45;446500
5;1280x720;2350500
4;640x360;725000
3;320x180;454300
2;160x90;389200
1;80x45;338900
5;1280x720;3115200
4;640x360;840800
3;320x180;490400
2;160x90;420300
1;80x45;356300
5;1280x720;2441900
4;640x360;742500
3;320x180;462100
2;160x90;411700
1;80x45;459600
5;1280x720;1973400
4;640x360;675000
3;320x180;463500
2;160x90;332700
1;80x45;331900
5;1280x720;2001900
4;640x360;570700
3;320x180;379000
2;160x90;324400
1;80x45;289100
5;1280x720;1936800
4;640x360;573400
3;320x180;348500
2;160x90;306600
1;80x45;279700
5;1280x720;2255900
4;640x360;670100
3;320x180;411300
2;160x90;374000
1;80x45;364000
5;1280x720;3579900
4;640x360;1076100
3;320x180;614600
2;160x90;503500
1;80x45;508900
5;1280x720;3800300
4;640x360;1510800
3;320x180;661900
2;160x90;572300
1;80x45;566300
5;1280x720;6628400
4;640x360;1978400
3;320x180;1205200
2;160x90;1002200
1;80x45;977300
5;1280x720;7688100
4;640x360;3208300
3;320x180;2582100
2;160x90;1116500
1;80x45;1288900
5;1280x720;6249500
4;640x360;2749900
3;320x180;3244200
2;160x90;2178900
1;80x45;1223500
5;1280x720;6551800
4;640x360;1909900
3;320x180;1073100
2;160x90;1001100
1;80x45;527300
5;1280x720;4159400
4;640x360;1329700
3;320x180;921200
2;160x90;836400
1;80x45;914100
5;1280x720;3511400
4;640x360;999000
3;320x180;1732700
2;160x90;488300
1;80x45;439900
5;1280x720;5892600
4;640x360;1585200
3;320x180;970500
2;160x90;638100
1;80x45;580600
5;1280x720;6309100
4;640x360;1618300
3;320x180;761400
2;160x90;600800
1;80x45;516200
5;1280x720;5735900
4;640x360;1529900
3;320x180;793900
2;160x90;556700
1;80x45;486700
5;1280x720;6758200
4;640x360;1932100
3;320x180;1123500
2;160x90;866400
1;80x45;788400
5;1280x720;6528900
4;640x360;1897800
3;320x180;1197600
2;160x90;680700
1;80x45;575600
5;1280x720;6882900
4;640x360;1899900
3;320x180;1051200
2;160x90;822800
1;80x45;765400
5;1280x720;8908600
4;640x360;19338300
3;320x180;2451600
2;160x90;2041700
1;80x45;3067200
5;1280x720;6298800
4;640x360;4608100
3;320x180;1061800
2;160x90;874200
1;80x45;862700
5;1280x720;4012800
4;640x360;1080200
3;320x180;872400
2;160x90;853400
1;80x45;773100
5;1280x720;6587500
4;640x360;2050900
3;320x180;1097700
2;160x90;914100
1;80x45;937900
5;1280x720;6121300
4;640x360;1477900
3;320x180;800000
2;160x90;567400
1;80x45;511700
5;1280x720;5779800
4;640x360;1513300
3;320x180;768200
2;160x90;570900
1;80x45;525500
5;1280x720;6246600
4;640x360;2007100
3;320x180;763600
2;160x90;648800
1;80x45;540200
5;1280x720;5876500
4;640x360;1623000
3;320x180;797600
2;160x90;514000
1;80x45;511300
5;1280x720;5829800
4;640x360;1526600
3;320x180;764600
2;160x90;624000
1;80x45;542200
5;1280x720;6494000
4;640x360;1532400
3;320x180;707600
2;160x90;544000
1;80x45;478400
5;1280x720;5943400
4;640x360;1900500
3;320x180;1153000
2;160x90;942500
1;80x45;857200
5;1280x720;14526700
4;640x360;3721500
3;320x180;8504900
2;160x90;1996000
1;80x45;2482000
5;1280x720;4180200
4;640x360;1147900
3;320x180;622000
2;160x90;506800
1;80x45;710400
5;1280x720;6495700
4;640x360;1596000
3;320x180;749200
2;160x90;608700
1;80x45;512300
5;1280x720;6258000
4;640x360;2138900
3;320x180;858200
2;160x90;676000
1;80x45;527000
5;1280x720;5716700
4;640x360;1602600
3;320x180;833300
2;160x90;593400
1;80x45;479500
5;1280x720;6441400
4;640x360;2205800
3;320x180;860000
2;160x90;558700
1;80x45;575100
5;1280x720;6763400
4;640x360;1691400
3;320x180;850300
2;160x90;567100
1;80x45;517700
5;1280x720;6281300
4;640x360;2020400
3;320x180;836200
2;160x90;601200
1;80x45;530700
5;1280x720;6716900
4;640x360;1668000
3;320x180;771900
2;160x90;693300
1;80x45;614500
5;1280x720;5972300
4;640x360;1627800
3;320x180;772900
2;160x90;577300
1;80x45;490000
5;1280x720;6525000
4;640x360;2040700
3;320x180;1415400
2;160x90;1022300
1;80x45;1214300
5;1280x720;6934400
4;640x360;2090100
3;320x180;2341400
2;160x90;1389600
1;80x45;1602000
5;1280x720;6775200
4;640x360;2183300
3;320x180;1346700
2;160x90;1217400
1;80x45;1141800
5;1280x720;6502200
4;640x360;1967100
3;320x180;1059700
2;160x90;842800
1;80x45;812400
5;1280x720;6380200
4;640x360;1629900
3;320x180;839900
2;160x90;576700
1;80x45;549400
5;1280x720;6287100
4;640x360;1764100
3;320x180;863600
2;160x90;591000
1;80x45;531600
5;1280x720;5926800
4;640x360;1553600
3;320x180;728000
2;160x90;606800
1;80x45;707700
5;1280x720;6061300
4;640x360;1699900
3;320x180;879100
2;160x90;685600
1;80x45;594400
5;1280x720;6285200
4;640x360;1561800
3;320x180;1128100
2;160x90;937700
1;80x45;988600
5;1280x720;6286800
4;640x360;1869000
3;320x180;1107500
2;160x90;891500
1;80x45;845300
5;1280x720;6537600
4;640x360;1524800
3;320x180;701100
2;160x90;982100
1;80x45;839400
5;1280x720;7263700
4;640x360;2271900
3;320x180;1651900
2;160x90;1129500
1;80x45;1627500
5;1280x720;7989900
4;640x360;4359200
3;320x180;1735200
2;160x90;1347400
1;80x45;1636900
5;1280x720;3866700
4;640x360;1238400
3;320x180;649400
2;160x90;763900
1;80x45;656800
5;1280x720;6470700
4;640x360;2005500
3;320x180;1213700
2;160x90;1198300
1;80x45;941000
5;1280x720;6814600
4;640x360;1533600
3;320x180;733600
2;160x90;1007800
1;80x45;975800
5;1280x720;6526700
4;640x360;2445600
3;320x180;1624200
2;160x90;961900
1;80x45;809100
5;1280x720;6027700
4;640x360;1651200
3;320x180;868500
2;160x90;706100
1;80x45;626100
5;1280x720;6124800
4;640x360;1625300
3;320x180;887400
2;160x90;628500
1;80x45;558100
5;1280x720;6115900
4;640x360;1608200
3;320x180;805400
2;160x90;592800
1;80x45;512800
5;1280x720;5938600
4;640x360;1622800
3;320x180;844200
2;160x90;699800
1;80x45;534800
5;1280x720;6733900
4;640x360;1997600
3;320x180;1178300
2;160x90;966500
1;80x45;839200
5;1280x720;8210700
4;640x360;4197400
3;320x180;3916100
2;160x90;4004000
1;80x45;3958100
5;1280x720;6619700
4;640x360;1975400
3;320x180;1090800
2;160x90;1029000
1;80x45;965600
5;1280x720;4338700
4;640x360;1524400
3;320x180;1272200
2;160x90;885200
1;80x45;975000
5;1280x720;6471400
4;640x360;1627200
3;320x180;767500
2;160x90;653300
1;80x45;572400
5;1280x720;5905400
4;640x360;1635600
3;320x180;898700
2;160x90;650500
1;80x45;578800
5;1280x720;6215500
4;640x360;1976900
3;320x180;772500
2;160x90;618400
1;80x45;531800
5;1280x720;5798000
4;640x360;1517900
3;320x180;812900
2;160x90;582700
1;80x45;486700
5;1280x720;6304500
4;640x360;1964100
3;320x180;1320500
2;160x90;1146900
1;80x45;1390100
5;1280x720;6674400
4;640x360;2393000
3;320x180;1164600
2;160x90;834600
1;80x45;839000
5;1280x720;6354700
4;640x360;1716600
3;320x180;968300
2;160x90;729700
1;80x45;580200
5;1280x720;5938200
4;640x360;1524500
3;320x180;768000
2;160x90;558800
1;80x45;466200
5;1280x720;8467900
4;640x360;3303700
3;320x180;2948100
2;160x90;2665500
1;80x45;3312800
5;1280x720;6504800
4;640x360;1961800
3;320x180;1208000
2;160x90;984700
1;80x45;923000
5;1280x720;4398400
4;640x360;1491600
3;320x180;1015100
2;160x90;891900
1;80x45;855600
5;1280x720;6759900
4;640x360;2163300
3;320x180;1355700
2;160x90;1094300
1;80x45;889900
5;1280x720;5833000
4;640x360;1524200
3;320x180;735300
2;160x90;519000
1;80x45;472100
5;1280x720;6079200
4;640x360;1524300
3;320x180;728500
2;160x90;518200
1;80x45;461100
5;1280x720;6512700
4;640x360;1625700
3;320x180;747400
2;160x90;547000
1;80x45;490900
5;1280x720;6340400
4;640x360;2037500
3;320x180;721000
2;160x90;498600
1;80x45;478600
5;1280x720;6567800
4;640x360;2083900
3;320x180;794200
2;160x90;574900
1;80x45;503400
5;1280x720;6500500
4;640x360;2084400
3;320x180;1339300
2;160x90;962100
1;80x45;828400
5;1280x720;6588800
4;640x360;2028400
3;320x180;1189400
2;160x90;1131900
1;80x45;977800
5;1280x720;8400600
4;640x360;4498700
3;320x180;2717000
2;160x90;1943100
1;80x45;3684700
5;1280x720;3986100
4;640x360;1063900
3;320x180;605100
2;160x90;491400
1;80x45;439800
5;1280x720;5987700
4;640x360;1615800
3;320x180;812200
2;160x90;681500
1;80x45;479700
5;1280x720;5841200
4;640x360;1491800
3;320x180;740500
2;160x90;576200
1;80x45;500000
5;1280x720;6383000
4;640x360;2183700
3;320x180;1182300
2;160x90;966000
1;80x45;910000
5;1280x720;6456000
4;640x360;1521200
3;320x180;718500
2;160x90;541600
1;80x45;474900
5;1280x720;6717800
4;640x360;1533100
3;320x180;790200
2;160x90;592100
1;80x45;599100
5;1280x720;6133700
4;640x360;1601600
3;320x180;793800
2;160x90;541300
1;80x45;563400
5;1280x720;5876300
4;640x360;1539200
3;320x180;827400
2;160x90;678700
1;80x45;597500
5;1280x720;6756100
4;640x360;5836000
3;320x180;855700
2;160x90;1069500
1;80x45;960800
5;1280x720;8024100
4;640x360;4145900
3;320x180;3879300
2;160x90;3778900
1;80x45;4643900
5;1280x720;6927600
4;640x360;1963500
3;320x180;1109500
2;160x90;899200
1;80x45;1033800
5;1280x720;4181000
4;640x360;1203700
3;320x180;1113500
2;160x90;1015000
1;80x45;915700
5;1280x720;6219800
4;640x360;1957200
3;320x180;923700
2;160x90;634100
1;80x45;544500
5;1280x720;6793400
4;640x360;1893900
3;320x180;1146200
2;160x90;966000
1;80x45;904200
5;1280x720;6675500
4;640x360;2128400
3;320x180;1477900
2;160x90;1057200
1;80x45;945700
5;1280x720;7127100
4;640x360;2046500
3;320x180;1276600
2;160x90;1028500
1;80x45;1006200
5;1280x720;6551600
4;640x360;1918300
3;320x180;1152100
2;160x90;947400
1;80x45;996500
5;1280x720;6318600
4;640x360;1506500
3;320x180;1137600
2;160x90;962100
1;80x45;909200
5;1280x720;5906900
4;640x360;2059700
3;320x180;1287500
2;160x90;1136600
1;80x45;1067300
5;1280x720;7106300
4;640x360;1965200
3;320x180;1171300
2;160x90;1044700
1;80x45;880200
5;1280x720;6251600
4;640x360;1649400
3;320x180;1238500
2;160x90;1148600
1;80x45;1130200
5;1280x720;7061900
4;640x360;2274300
3;320x180;1292500
2;160x90;1056900
1;80x45;974400
5;1280x720;6481900
4;640x360;1578400
3;320x180;1200500
2;160x90;964000
1;80x45;866600
5;1280x720;6383500
4;640x360;2391200
3;320x180;1321400
2;160x90;1131900
1;80x45;1058200
5;1280x720;6758800
4;640x360;2300700
3;320x180;766300
2;160x90;554400
1;80x45;482900
5;1280x720;6893500
4;640x360;2005500
3;320x180;1286900
2;160x90;1054900
1;80x45;1092000
5;1280x720;6547800
4;640x360;1936900
3;320x180;1142000
2;160x90;952600
1;80x45;897900
5;1280x720;7157300
4;640x360;2290600
3;320x180;1190400
2;160x90;1984400
1;80x45;546800
5;1280x720;6889800
4;640x360;2387200
3;320x180;1189800
2;160x90;940100
1;80x45;876300
5;1280x720;6528300
4;640x360;2024700
3;320x180;1211600
2;160x90;1054800
1;80x45;920500
5;1280x720;6677200
4;640x360;2183300
3;320x180;1346600
2;160x90;1110300
1;80x45;1053300
5;1280x720;6785900
4;640x360;2350500
3;320x180;1627300
2;160x90;1071800
1;80x45;1045100
5;1280x720;6810300
4;640x360;1952700
3;320x180;1239300
2;160x90;1074800
1;80x45;1119900
5;1280x720;6590200
4;640x360;1972100
3;320x180;1153000
2;160x90;938100
1;80x45;894400
5;1280x720;6364000
4;640x360;1942200
3;320x180;741300
2;160x90;523400
1;80x45;444200
5;1280x720;6705800
4;640x360;2111500
3;320x180;1445100
2;160x90;1062300
1;80x45;994800
5;1280x720;6681500
4;640x360;2019600
3;320x180;1246300
2;160x90;725500
1;80x45;567700
5;1280x720;6807600
4;640x360;1956200
3;320x180;1123500
2;160x90;970300
1;80x45;886700
5;1280x720;6761400
4;640x360;2030200
3;320x180;734000
2;160x90;529700
1;80x45;460000
5;1280x720;6785100
4;640x360;1989900
3;320x180;1210900
2;160x90;1018100
1;80x45;951500
5;1280x720;6721200
4;640x360;1934600
3;320x180;1121600
2;160x90;969400
1;80x45;886200
5;1280x720;6735500
4;640x360;2135600
3;320x180;1377500
2;160x90;1303100
1;80x45;1033700
5;1280x720;6352200
4;640x360;1983500
3;320x180;1305200
2;160x90;1072000
1;80x45;874300
5;1280x720;6596200
4;640x360;2038400
3;320x180;1226100
2;160x90;1110700
1;80x45;1075700
5;1280x720;6947200
4;640x360;2222300
3;320x180;1396600
2;160x90;1127200
1;80x45;901700
5;1280x720;6686800
4;640x360;1971200
3;320x180;1128500
2;160x90;906300
1;80x45;874800
5;1280x720;6375500
4;640x360;2681000
3;320x180;1274100
2;160x90;1113400
1;80x45;1098100
5;1280x720;6917400
4;640x360;1947500
3;320x180;1107700
2;160x90;953900
1;80x45;889600
5;1280x720;6838700
4;640x360;2118200
3;320x180;920200
2;160x90;1102400
1;80x45;1246800
5;1280x720;6803800
4;640x360;2076700
3;320x180;1185000
2;160x90;1026400
1;80x45;979000
5;1280x720;6803400
4;640x360;2109600
3;320x180;1405600
2;160x90;1193000
1;80x45;1168900
5;1280x720;6691900
4;640x360;1897000
3;320x180;1110400
2;160x90;909100
1;80x45;876100
5;1280x720;6628000
4;640x360;1976800
3;320x180;911900
2;160x90;625800
1;80x45;551300
5;1280x720;6783400
4;640x360;2004200
3;320x180;1118300
2;160x90;932600
1;80x45;867100
5;1280x720;6714500
4;640x360;2047700
3;320x180;914800
2;160x90;1164300
1;80x45;766300
5;1280x720;7010000
4;640x360;2341800
3;320x180;1445700
2;160x90;1046900
1;80x45;909600
5;1280x720;7067800
4;640x360;2097700
3;320x180;1258400
2;160x90;1176300
1;80x45;1070900
5;1280x720;6337900
4;640x360;2025600
3;320x180;1227800
2;160x90;1028100
1;80x45;1047400
5;1280x720;6688100
4;640x360;2023500
3;320x180;1259800
2;160x90;985200
1;80x45;864700
5;1280x720;6874300
4;640x360;1552100
3;320x180;1309500
2;160x90;958400
1;80x45;919000
5;1280x720;6331600
4;640x360;1897100
3;320x180;1095700
2;160x90;927500
1;80x45;876000
5;1280x720;6832400
4;640x360;2002200
3;320x180;1243600
2;160x90;673000
1;80x45;1084400
5;1280x720;6792600
4;640x360;1943300
3;320x180;1295100
2;160x90;1119700
1;80x45;999300
5;1280x720;6824600
4;640x360;1954000
3;320x180;1304300
2;160x90;1206600
1;80x45;843400
5;1280x720;6915200
4;640x360;2165000
3;320x180;1421800
2;160x90;1191400
1;80x45;953200
5;1280x720;6345600
4;640x360;2001500
3;320x180;1219100
2;160x90;979300
1;80x45;976800
5;1280x720;6300100
4;640x360;3429700
3;320x180;1223500
2;160x90;1113500
1;80x45;993200
5;1280x720;6739400
4;640x360;2084500
3;320x180;1248700
2;160x90;1050000
1;80x45;1011700
5;1280x720;6670300
4;640x360;1954500
3;320x180;1109200
2;160x90;930700
1;80x45;888000
5;1280x720;6647600
4;640x360;1972300
3;320x180;784200
2;160x90;1089600
1;80x45;1026600
5;1280x720;7006300
4;640x360;2165500
3;320x180;1443600
2;160x90;817900
1;80x45;669300
5;1280x720;7148400
4;640x360;2224200
3;320x180;1477900
2;160x90;878600
1;80x45;792900
5;1280x720;6360900
4;640x360;1587200
3;320x180;1174600
2;160x90;948900
1;80x45;886400
5;1280x720;6919500
4;640x360;2148500
3;320x180;1186600
2;160x90;992000
1;80x45;893000
5;1280x720;6372500
4;640x360;7524500
3;320x180;1180400
2;160x90;1039600
1;80x45;1053300
5;1280x720;6307900
4;640x360;1684000
3;320x180;1284300
2;160x90;1090800
1;80x45;1056300
5;1280x720;7277700
4;640x360;2482100
3;320x180;929200
2;160x90;557700
1;80x45;445100
5;1280x720;7292700
4;640x360;2288600
3;320x180;1355700
2;160x90;1191500
1;80x45;992300
5;1280x720;6475400
4;640x360;2126300
3;320x180;1309500
2;160x90;1122900
1;80x45;995000
5;1280x720;6637300
4;640x360;2021500
3;320x180;885100
2;160x90;698500
1;80x45;616200
5;1280x720;6815900
4;640x360;1934000
3;320x180;1099000
2;160x90;1056100
1;80x45;873500
5;1280x720;6933600
4;640x360;2051600
3;320x180;1308200
2;160x90;615100
1;80x45;972300
5;1280x720;6965100
4;640x360;2045000
3;320x180;1264800
2;160x90;1131200
1;80x45;1005400
5;1280x720;6963200
4;640x360;2272600
3;320x180;1710200
2;160x90;1383600
1;80x45;1068500
5;1280x720;6284400
4;640x360;2120000
3;320x180;1400300
2;160x90;1071300
1;80x45;941700
5;1280x720;6649000
4;640x360;2086900
3;320x180;1292800
2;160x90;990600
1;80x45;979700
5;1280x720;6435600
4;640x360;1930800
3;320x180;1120100
2;160x90;929900
1;80x45;882000
5;1280x720;6520200
4;640x360;1904800
3;320x180;1197100
2;160x90;533800
1;80x45;1002400
5;1280x720;7098100
4;640x360;2121500
3;320x180;1385700
2;160x90;1120800
1;80x45;951700
5;1280x720;6783500
4;640x360;2152500
3;320x180;1364800
2;160x90;1211400
1;80x45;1033600
5;1280x720;6303900
4;640x360;1949700
3;320x180;1150700
2;160x90;1029100
1;80x45;881800
5;1280x720;6875500
4;640x360;2145300
3;320x180;1336000
2;160x90;1120700
1;80x45;1075500
5;1280x720;6835500
4;640x360;2526000
3;320x180;1494100
2;160x90;1152400
1;80x45;1063800
5;1280x720;6227600
4;640x360;2095600
3;320x180;1252900
2;160x90;1116800
1;80x45;989600
5;1280x720;6760000
4;640x360;1974100
3;320x180;761800
2;160x90;1116500
1;80x45;488200
5;1280x720;6809000
4;640x360;1955100
3;320x180;1183700
2;160x90;1182100
1;80x45;1240800
5;1280x720;6614200
4;640x360;2023600
3;320x180;1284000
2;160x90;1099300
1;80x45;948300
5;1280x720;6825000
4;640x360;2075000
3;320x180;827800
2;160x90;1077900
1;80x45;964100
5;1280x720;7092400
4;640x360;1989500
3;320x180;1139200
2;160x90;1070300
1;80x45;928200
5;1280x720;6758900
4;640x360;2075700
3;320x180;1409800
2;160x90;1260800
1;80x45;1098700
5;1280x720;7106900
4;640x360;2169500
3;320x180;1396700
2;160x90;1033100
1;80x45;955200
5;1280x720;7290100
4;640x360;2169200
3;320x180;1498700
2;160x90;1150900
1;80x45;1135300
5;1280x720;7177200
4;640x360;2093200
3;320x180;1296600
2;160x90;1202200
1;80x45;1181900
5;1280x720;6640800
4;640x360;2080200
3;320x180;1159600
2;160x90;627100
1;80x45;922800
5;1280x720;6691800
4;640x360;2053300
3;320x180;1257800
2;160x90;1084700
1;80x45;861400
5;1280x720;6795300
4;640x360;2015800
3;320x180;1149200
2;160x90;1005300
1;80x45;940800
5;1280x720;7056000
4;640x360;2419500
3;320x180;1411000
2;160x90;1069600
1;80x45;890000
5;1280x720;6740100
4;640x360;2033600
3;320x180;1221000
2;160x90;1039600
1;80x45;1030100
5;1280x720;7178400
4;640x360;2162800
3;320x180;1198000
2;160x90;950500
1;80x45;930100
5;1280x720;6628100
4;640x360;1956200
3;320x180;794300
2;160x90;775400
1;80x45;699500
5;1280x720;6672800
4;640x360;2039300
3;320x180;1402600
2;160x90;1122100
1;80x45;985000
5;1280x720;6851600
4;640x360;2158100
3;320x180;879000
2;160x90;612000
1;80x45;778700
5;1280x720;7182000
4;640x360;2023000
3;320x180;1177500
2;160x90;930100
1;80x45;1013400
5;1280x720;6710800
4;640x360;2088900
3;320x180;1313000
2;160x90;1085800
1;80x45;673300
5;1280x720;6717100
4;640x360;2248000
3;320x180;1552500
2;160x90;1112100
1;80x45;1106300
5;1280x720;6824600
4;640x360;2026900
3;320x180;1280900
2;160x90;1103200
1;80x45;1035400
5;1280x720;6684700
4;640x360;2025400
3;320x180;898100
2;160x90;746700
1;80x45;1044800
5;1280x720;6369500
4;640x360;2045700
3;320x180;1229500
2;160x90;1019100
1;80x45;1022800
5;1280x720;6826800
4;640x360;2177000
3;320x180;1469700
2;160x90;635700
1;80x45;627100
5;1280x720;6784900
4;640x360;1918400
3;320x180;1097100
2;160x90;935000
1;80x45;890800
5;1280x720;6835900
4;640x360;2076900
3;320x180;1219700
2;160x90;1002500
1;80x45;955600
5;1280x720;7428900
4;640x360;2263400
3;320x180;1301300
2;160x90;1050800
1;80x45;876800
5;1280x720;7353400
4;640x360;2559600
3;320x180;1941500
2;160x90;806900
1;80x45;508400
5;1280x720;7158700
4;640x360;2067000
3;320x180;1446200
2;160x90;1068100
1;80x45;908100
5;1280x720;7120900
4;640x360;2201200
3;320x180;1717800
2;160x90;1198300
1;80x45;1144100
5;1280x720;6960100
4;640x360;2257900
3;320x180;976300
2;160x90;1229900
1;80x45;989500
5;1280x720;6825100
4;640x360;2068400
3;320x180;1384400
2;160x90;1018300
1;80x45;913800
5;1280x720;6659700
4;640x360;1921100
3;320x180;1136500
2;160x90;1007800
1;80x45;864000
5;1280x720;7122000
4;640x360;2462400
3;320x180;1731000
2;160x90;1176700
1;80x45;1150700
5;1280x720;6765700
4;640x360;2021800
3;320x180;1243100
2;160x90;987900
1;80x45;912400
5;1280x720;6406400
4;640x360;2083000
3;320x180;1365800
2;160x90;975900
1;80x45;876900
5;1280x720;8243100
4;640x360;2214200
3;320x180;1153400
2;160x90;1009200
1;80x45;890500
5;1280x720;6830600
4;640x360;1919400
3;320x180;1264600
2;160x90;1072900
1;80x45;874700
5;1280x720;6658100
4;640x360;2002500
3;320x180;1149400
2;160x90;918900
1;80x45;976000
5;1280x720;7010100
4;640x360;2023100
3;320x180;933200
2;160x90;677500
1;80x45;617300
5;1280x720;6738800
4;640x360;2084900
3;320x180;1474400
2;160x90;1190800
1;80x45;1120800
5;1280x720;7113700
4;640x360;2282000
3;320x180;1166400
2;160x90;930400
1;80x45;873700
5;1280x720;6274100
4;640x360;2058900
3;320x180;1390800
2;160x90;1259000
1;80x45;1200400
5;1280x720;6938700
4;640x360;1730200
3;320x180;859300
2;160x90;1046000
1;80x45;993900
5;1280x720;6341700
4;640x360;2087000
3;320x180;1370500
2;160x90;1129500
1;80x45;992600
5;1280x720;6914700
4;640x360;2444400
3;320x180;1473600
2;160x90;1180900
1;80x45;1099600
5;1280x720;6449100
4;640x360;1916400
3;320x180;1333400
2;160x90;996200
1;80x45;1027000
5;1280x720;6564400
4;640x360;1919500
3;320x180;1231300
2;160x90;1069300
1;80x45;940100
5;1280x720;6675800
4;640x360;2145500
3;320x180;1213800
2;160x90;959100
1;80x45;839700
5;1280x720;6537300
4;640x360;1987200
3;320x180;1227200
2;160x90;1023200
1;80x45;948100
5;1280x720;6930200
4;640x360;1954100
3;320x180;1116500
2;160x90;945000
1;80x45;893300
5;1280x720;6315300
4;640x360;1986900
3;320x180;1242900
2;160x90;930300
1;80x45;877700
5;1280x720;7207100
4;640x360;2062700
3;320x180;1364700
2;160x90;616800
1;80x45;491700
5;1280x720;6911600
4;640x360;2070700
3;320x180;1415900
2;160x90;1515700
1;80x45;998800
5;1280x720;6832600
4;640x360;2149700
3;320x180;1542000
2;160x90;1232100
1;80x45;994600
5;1280x720;6894900
4;640x360;1910600
3;320x180;1133600
2;160x90;949500
1;80x45;858900
5;1280x720;6958900
4;640x360;2538200
3;320x180;1547000
2;160x90;1005900
1;80x45;899200
5;1280x720;6880200
4;640x360;1945300
3;320x180;1191900
2;160x90;945700
1;80x45;913300
5;1280x720;7085600
4;640x360;1689400
3;320x180;829300
2;160x90;1049500
1;80x45;1030500
5;1280x720;6999300
4;640x360;2183300
3;320x180;1214100
2;160x90;1107200
1;80x45;1033600
5;1280x720;6820400
4;640x360;2218600
3;320x180;1363800
2;160x90;652200
1;80x45;643800
5;1280x720;7017900
4;640x360;1955800
3;320x180;1135300
2;160x90;936600
1;80x45;947700
5;1280x720;6735800
4;640x360;2078300
3;320x180;1485700
2;160x90;1198700
1;80x45;1084000
5;1280x720;7007600
4;640x360;2188800
3;320x180;1319700
2;160x90;1157400
1;80x45;1040800
5;1280x720;6770400
4;640x360;2143400
3;320x180;1261400
2;160x90;1024100
1;80x45;973200
5;1280x720;6884200
4;640x360;2144800
3;320x180;1206800
2;160x90;1010300
1;80x45;944200
5;1280x720;6588200
4;640x360;1928600
3;320x180;1149700
2;160x90;1024400
1;80x45;968700
5;1280x720;6766700
4;640x360;1519400
3;320x180;709500
2;160x90;1023800
1;80x45;930300
5;1280x720;6663200
4;640x360;7684200
3;320x180;1255200
2;160x90;964600
1;80x45;921200
5;1280x720;6329300
4;640x360;2028500
3;320x180;1226400
2;160x90;1023000
1;80x45;905700
5;1280x720;6962800
4;640x360;1770500
3;320x180;1011300
2;160x90;1201800
1;80x45;1026900
5;1280x720;6266400
4;640x360;1884800
3;320x180;1240300
2;160x90;1093500
1;80x45;915300
5;1280x720;6838400
4;640x360;1933100
3;320x180;1312900
2;160x90;1115000
1;80x45;1076400
5;1280x720;6310300
4;640x360;1918900
3;320x180;1263700
2;160x90;998200
1;80x45;908200
5;1280x720;6619600
4;640x360;2026100
3;320x180;1212600
2;160x90;979700
1;80x45;927600
5;1280x720;6624000
4;640x360;1753800
3;320x180;1405500
2;160x90;1048200
1;80x45;1002600
5;1280x720;7287200
4;640x360;2091700
3;320x180;1253200
2;160x90;941400
1;80x45;881300
5;1280x720;6776700
4;640x360;2056900
3;320x180;1209700
2;160x90;616300
1;80x45;587600
5;1280x720;6334500
4;640x360;2015500
3;320x180;1128700
2;160x90;933200
1;80x45;926200
5;1280x720;7159200
4;640x360;1969300
3;320x180;1136400
2;160x90;943700
1;80x45;886700
5;1280x720;7287900
4;640x360;2008900
3;320x180;1130700
2;160x90;934500
1;80x45;880700
5;1280x720;6741600
4;640x360;2332600
3;320x180;1316400
2;160x90;560900
1;80x45;499900
5;1280x720;12221300
4;640x360;1917600
3;320x180;1254100
2;160x90;1072000
1;80x45;924300
5;1280x720;6368800
4;640x360;1570500
3;320x180;1166400
2;160x90;948500
1;80x45;1011800
5;1280x720;7017400
4;640x360;2294500
3;320x180;1179100
2;160x90;950700
1;80x45;970400
5;1280x720;12215600
4;640x360;2426800
3;320x180;1317000
2;160x90;1241800
1;80x45;1267700
5;1280x720;6681300
4;640x360;1969500
3;320x180;793300
2;160x90;1146900
1;80x45;1047800
5;1280x720;6246500
4;640x360;2004900
3;320x180;1209800
2;160x90;1075200
1;80x45;989100
5;1280x720;6354800
4;640x360;2116800
3;320x180;1263800
2;160x90;944800
1;80x45;969300
5;1280x720;6730900
4;640x360;1990800
3;320x180;1227000
2;160x90;1014000
1;80x45;532500
5;1280x720;6599500
4;640x360;2414000
3;320x180;1290000
2;160x90;1108500
1;80x45;1089200
5;1280x720;6858600
4;640x360;2113200
3;320x180;1326800
2;160x90;627200
1;80x45;1074500
5;1280x720;7122200
4;640x360;2023800
3;320x180;1177600
2;160x90;1010700
1;80x45;1013900
5;1280x720;6312600
4;640x360;1868100
3;320x180;1111000
2;160x90;983100
1;80x45;890200
5;1280x720;7168700
4;640x360;2063600
3;320x180;1186600
2;160x90;945500
1;80x45;889000
5;1280x720;7098200
4;640x360;2334500
3;320x180;854100
2;160x90;648400
1;80x45;917100
5;1280x720;6569900
4;640x360;2003300
3;320x180;1154600
2;160x90;942700
1;80x45;914400
5;1280x720;6314700
4;640x360;1973500
3;320x180;1156300
2;160x90;954500
1;80x45;921900
5;1280x720;7063900
4;640x360;2187300
3;320x180;1367400
2;160x90;1011500
1;80x45;916700
5;1280x720;6997500
4;640x360;2475100
3;320x180;1433500
2;160x90;1317800
1;80x45;1243600
5;1280x720;6881400
4;640x360;2095600
3;320x180;1277000
2;160x90;1031800
1;80x45;991000
5;1280x720;6688300
4;640x360;1956000
3;320x180;1120400
2;160x90;926000
1;80x45;875300
5;1280x720;6807500
4;640x360;2165100
3;320x180;1330700
2;160x90;1404600
1;80x45;1146700
5;1280x720;7333100
4;640x360;2058100
3;320x180;1302200
2;160x90;1160300
1;80x45;1089400
5;1280x720;6283600
4;640x360;4195300
3;320x180;1285000
2;160x90;1050900
1;80x45;902000
5;1280x720;6605000
4;640x360;2007500
3;320x180;1350100
2;160x90;1230900
1;80x45;1005500
5;1280x720;6695300
4;640x360;1953100
3;320x180;1114000
2;160x90;540400
1;80x45;908200
5;1280x720;6471100
4;640x360;1984300
3;320x180;1133700
2;160x90;934400
1;80x45;904200
5;1280x720;6745000
4;640x360;2427000
3;320x180;1376300
2;160x90;1040200
1;80x45;892600
5;1280x720;6637100
4;640x360;2089400
3;320x180;1196500
2;160x90;1003100
1;80x45;918400
5;1280x720;6134800
4;640x360;1863900
3;320x180;1084300
2;160x90;1013500
1;80x45;918700
5;1280x720;6423000
4;640x360;2005600
3;320x180;1200200
2;160x90;954400
1;80x45;888700
5;1280x720;7193100
4;640x360;6323300
3;320x180;1820400
2;160x90;1573200
1;80x45;1273600
5;1280x720;6600300
4;640x360;1866800
3;320x180;1116200
2;160x90;945300
1;80x45;874400
5;1280x720;7139600
4;640x360;2149000
3;320x180;1246800
2;160x90;1139700
1;80x45;1010600
5;1280x720;6376800
4;640x360;1960800
3;320x180;1091100
2;160x90;925600
1;80x45;888200
5;1280x720;6633600
4;640x360;2270400
3;320x180;1325400
2;160x90;1002800
1;80x45;901000
5;1280x720;6740400
4;640x360;2034100
3;320x180;1284700
2;160x90;1006500
1;80x45;1038200
5;1280x720;6807200
4;640x360;2003700
3;320x180;1146800
2;160x90;1076800
1;80x45;915600
5;1280x720;6677400
4;640x360;1958000
3;320x180;1153400
2;160x90;1047400
1;80x45;931900
5;1280x720;6444200
4;640x360;1942600
3;320x180;1104100
2;160x90;930800
1;80x45;877600
5;1280x720;7079400
4;640x360;2009100
3;320x180;1207900
2;160x90;995000
1;80x45;947300
5;1280x720;7178800
4;640x360;6053100
3;320x180;1694700
2;160x90;1205200
1;80x45;1092300
5;1280x720;6800300
4;640x360;2032900
3;320x180;1126000
2;160x90;951800
1;80x45;870000
5;1280x720;6447700
4;640x360;7442200
3;320x180;1377800
2;160x90;1320400
1;80x45;1125000
5;1280x720;6522700
4;640x360;2081300
3;320x180;1466600
2;160x90;1256100
1;80x45;1171400
5;1280x720;6786900
4;640x360;2044800
3;320x180;1171300
2;160x90;1144600
1;80x45;919200
5;1280x720;6745100
4;640x360;2070900
3;320x180;1142700
2;160x90;1081700
1;80x45;503500
5;1280x720;6869000
4;640x360;2169800
3;320x180;1221600
2;160x90;1088600
1;80x45;988200
5;1280x720;6854400
4;640x360;2035000
3;320x180;1252700
2;160x90;964100
1;80x45;905000
5;1280x720;6814600
4;640x360;1936600
3;320x180;1304800
2;160x90;1215000
1;80x45;1103500
5;1280x720;7163200
4;640x360;1914600
3;320x180;1095200
2;160x90;916100
1;80x45;1122900
5;1280x720;7659700
4;640x360;2468700
3;320x180;1359600
2;160x90;1032500
1;80x45;966200
5;1280x720;6760200
4;640x360;2370500
3;320x180;1014600
2;160x90;732700
1;80x45;635600
5;1280x720;6635000
4;640x360;2080200
3;320x180;1296900
2;160x90;1172900
1;80x45;1139400
5;1280x720;7017500
4;640x360;2076000
3;320x180;1223200
2;160x90;928100
1;80x45;859800
5;1280x720;6241700
4;640x360;2183000
3;320x180;837500
2;160x90;641200
1;80x45;973800
5;1280x720;7226600
4;640x360;2396200
3;320x180;1377600
2;160x90;1054700
1;80x45;957300
5;1280x720;6348700
4;640x360;2202700
3;320x180;2005900
2;160x90;4012700
1;80x45;1947700
5;1280x720;6804500
4;640x360;2057300
3;320x180;1094800
2;160x90;968300
1;80x45;894600
5;1280x720;6159300
4;640x360;1896700
3;320x180;1106000
2;160x90;923500
1;80x45;869400
5;1280x720;6334700
4;640x360;1933500
3;320x180;1306400
2;160x90;998700
1;80x45;1013500
5;1280x720;6655000
4;640x360;2078900
3;320x180;798000
2;160x90;607100
1;80x45;512400
5;1280x720;6366200
4;640x360;2069600
3;320x180;1144700
2;160x90;928000
1;80x45;871500
5;1280x720;6660600
4;640x360;2005000
3;320x180;1173300
2;160x90;956700
1;80x45;924500
5;1280x720;6736200
4;640x360;2197000
3;320x180;1230200
2;160x90;1043300
1;80x45;990200
5;1280x720;6923900
4;640x360;2143200
3;320x180;1337500
2;160x90;643800
1;80x45;540400
5;1280x720;6465400
4;640x360;2087800
3;320x180;1201800
2;160x90;971600
1;80x45;869800
5;1280x720;6401600
4;640x360;2121800
3;320x180;784500
2;160x90;562300
1;80x45;1072800
5;1280x720;6464300
4;640x360;1948300
3;320x180;1195300
2;160x90;1139200
1;80x45;987100
5;1280x720;6387100
4;640x360;1945500
3;320x180;1043200
2;160x90;569000
1;80x45;529400
5;1280x720;6691400
4;640x360;1987500
3;320x180;1094700
2;160x90;938100
1;80x45;922400
5;1280x720;6658800
4;640x360;1906600
3;320x180;1136900
2;160x90;930600
1;80x45;938500
5;1280x720;6675700
4;640x360;2111100
3;320x180;1216400
2;160x90;1225600
1;80x45;1001200
5;1280x720;6773500
4;640x360;2130900
3;320x180;1234500
2;160x90;977200
1;80x45;871300
5;1280x720;7100700
4;640x360;1919200
3;320x180;1123400
2;160x90;1055700
1;80x45;967600
5;1280x720;6443000
4;640x360;2102800
3;320x180;1198500
2;160x90;881500
1;80x45;913100
5;1280x720;6872200
4;640x360;2094100
3;320x180;1275200
2;160x90;957200
1;80x45;983000
5;1280x720;6747500
4;640x360;1895600
3;320x180;1102600
2;160x90;932800
1;80x45;913800
5;1280x720;12010500
4;640x360;1963500
3;320x180;1170800
2;160x90;958700
1;80x45;928000
5;1280x720;7026300
4;640x360;2394500
3;320x180;1348100
2;160x90;1080200
1;80x45;919100
5;1280x720;6794100
4;640x360;2177200
3;320x180;1247100
2;160x90;1064300
1;80x45;951800
5;1280x720;6598200
4;640x360;2052600
3;320x180;1425400
2;160x90;1273800
1;80x45;1313400
5;1280x720;6519100
4;640x360;2219700
3;320x180;1634600
2;160x90;1030500
1;80x45;942300
5;1280x720;5828800
4;640x360;1917100
3;320x180;1141300
2;160x90;1027600
1;80x45;888100
5;1280x720;6719100
4;640x360;2143200
3;320x180;1159400
2;160x90;1064400
1;80x45;875800
5;1280x720;7006700
4;640x360;2078300
3;320x180;1187700
2;160x90;933000
1;80x45;888000
5;1280x720;6485600
4;640x360;1679400
3;320x180;1202700
2;160x90;1142900
1;80x45;1194700
5;1280x720;6922400
4;640x360;2171100
3;320x180;922100
2;160x90;681300
1;80x45;1166000
5;1280x720;6194600
4;640x360;2091900
3;320x180;1216200
2;160x90;1098300
1;80x45;939900
5;1280x720;10706600
4;640x360;2516100
3;320x180;1817500
2;160x90;1257300
1;80x45;1105500
5;1280x720;6984200
4;640x360;2316700
3;320x180;1595900
2;160x90;1082900
1;80x45;1100700
5;1280x720;7137200
4;640x360;2094000
3;320x180;1264200
2;160x90;1064700
1;80x45;990900
5;1280x720;6281300
4;640x360;7617100
3;320x180;1227100
2;160x90;945800
1;80x45;867600
5;1280x720;6402800
4;640x360;1592500
3;320x180;753800
2;160x90;595200
1;80x45;500300
5;1280x720;6755000
4;640x360;1917000
3;320x180;1104700
2;160x90;926200
1;80x45;882400
5;1280x720;6972500
4;640x360;1899800
3;320x180;1093600
2;160x90;970000
1;80x45;889100
5;1280x720;6220500
4;640x360;1528600
3;320x180;1163300
2;160x90;976500
1;80x45;979000
5;1280x720;6894400
4;640x360;2216900
3;320x180;1589200
2;160x90;1181300
1;80x45;1205200
5;1280x720;6915400
4;640x360;1601800
3;320x180;1327700
2;160x90;1304400
1;80x45;1087400
5;1280x720;6932800
4;640x360;1943200
3;320x180;1104800
2;160x90;925300
1;80x45;900200
5;1280x720;6358400
4;640x360;1997300
3;320x180;1197500
2;160x90;956000
1;80x45;880900
5;1280x720;6741700
4;640x360;1959600
3;320x180;1111900
2;160x90;934000
1;80x45;899700
5;1280x720;6569100
4;640x360;2346900
3;320x180;791100
2;160x90;641200
1;80x45;535900
5;1280x720;6711400
4;640x360;2140100
3;320x180;1229400
2;160x90;952300
1;80x45;909000
5;1280x720;6757500
4;640x360;2215300
3;320x180;1225200
2;160x90;1068000
1;80x45;990800
5;1280x720;6452300
4;640x360;1545500
3;320x180;1191400
2;160x90;1148400
1;80x45;1017500
5;1280x720;6568000
4;640x360;2051500
3;320x180;1292400
2;160x90;1228600
1;80x45;1079500
5;1280x720;6853400
4;640x360;2113700
3;320x180;1102900
2;160x90;988300
1;80x45;957100
5;1280x720;6548900
4;640x360;2057200
3;320x180;1252200
2;160x90;1068100
1;80x45;1042400
5;1280x720;6579300
4;640x360;1732200
3;320x180;1425800
2;160x90;1168200
1;80x45;900100
5;1280x720;7583900
4;640x360;2533200
3;320x180;1430900
2;160x90;1724500
1;80x45;1068500
5;1280x720;6789600
4;640x360;1937000
3;320x180;1142200
2;160x90;1018500
1;80x45;900300
5;1280x720;7045600
4;640x360;2121500
3;320x180;1319200
2;160x90;729700
1;80x45;534100
5;1280x720;7087100
4;640x360;2106100
3;320x180;1206700
2;160x90;1043800
1;80x45;889500
5;1280x720;6261900
4;640x360;1984800
3;320x180;734800
2;160x90;546500
1;80x45;911400
5;1280x720;6392600
4;640x360;1899400
3;320x180;1103700
2;160x90;937700
1;80x45;865000
5;1280x720;6978900
4;640x360;2024400
3;320x180;1180700
2;160x90;1003000
1;80x45;1031800
5;1280x720;6891500
4;640x360;2120400
3;320x180;1213100
2;160x90;1187400
1;80x45;927700
5;1280x720;6571200
4;640x360;1903100
3;320x180;1135000
2;160x90;940500
1;80x45;881400
5;1280x720;6634900
4;640x360;2370400
3;320x180;1258800
2;160x90;1084900
1;80x45;952000
5;1280x720;6899800
4;640x360;1974000
3;320x180;1128600
2;160x90;975100
1;80x45;905400
5;1280x720;12083300
4;640x360;1908900
3;320x180;1122000
2;160x90;1178900
1;80x45;1108600
5;1280x720;6445200
4;640x360;2154700
3;320x180;1393200
2;160x90;1306000
1;80x45;974900
5;1280x720;7983300
4;640x360;2073300
3;320x180;1194200
2;160x90;1016200
1;80x45;1117100
5;1280x720;6562100
4;640x360;2159900
3;320x180;1321900
2;160x90;1120100
1;80x45;565400
5;1280x720;7057300
4;640x360;2330400
3;320x180;783500
2;160x90;1072800
1;80x45;503400
5;1280x720;6987800
4;640x360;1973400
3;320x180;1157700
2;160x90;929700
1;80x45;878900
5;1280x720;6803400
4;640x360;2821400
3;320x180;1257200
2;160x90;1095200
1;80x45;953500
5;1280x720;7264800
4;640x360;2340800
3;320x180;1613100
2;160x90;1179100
1;80x45;966000
5;1280x720;6878500
4;640x360;2118900
3;320x180;1304500
2;160x90;1123200
1;80x45;988800
5;1280x720;12172500
4;640x360;2202800
3;320x180;1297100
2;160x90;1012600
1;80x45;988800
5;1280x720;6661000
4;640x360;1964400
3;320x180;766800
2;160x90;1082600
1;80x45;488800
5;1280x720;7011900
4;640x360;2139300
3;320x180;950900
2;160x90;630800
1;80x45;484200
5;1280x720;7326900
4;640x360;2615100
3;320x180;1448600
2;160x90;1170300
1;80x45;969200
5;1280x720;6355500
4;640x360;2093800
3;320x180;753800
2;160x90;568700
1;80x45;495900
5;1280x720;6533900
4;640x360;1898800
3;320x180;1312300
2;160x90;1009400
1;80x45;506500
5;1280x720;6684700
4;640x360;1908000
3;320x180;1115500
2;160x90;946400
1;80x45;958100
5;1280x720;6965400
4;640x360;2322200
3;320x180;1422700
2;160x90;1188500
1;80x45;1130900
5;1280x720;7167900
4;640x360;2200100
3;320x180;1327900
2;160x90;1071100
1;80x45;989000
5;1280x720;6981300
4;640x360;2015700
3;320x180;1216500
2;160x90;968800
1;80x45;908600
5;1280x720;7352000
4;640x360;2043500
3;320x180;1128300
2;160x90;933100
1;80x45;880500
5;1280x720;6734600
4;640x360;2092900
3;320x180;1187600
2;160x90;998500
1;80x45;925500
5;1280x720;6849100
4;640x360;1944900
3;320x180;1268200
2;160x90;957000
1;80x45;876300
5;1280x720;7370300
4;640x360;1833600
3;320x180;1358300
2;160x90;1250800
1;80x45;1063500
5;1280x720;7234200
4;640x360;2183300
3;320x180;1321800
2;160x90;1222300
1;80x45;1092300
5;1280x720;6825200
4;640x360;2085900
3;320x180;1290900
2;160x90;989500
1;80x45;949500
5;1280x720;6381100
4;640x360;1613300
3;320x180;1411800
2;160x90;1157900
1;80x45;1115700
5;1280x720;6727700
4;640x360;1910200
3;320x180;1108100
2;160x90;1005300
1;80x45;928600
5;1280x720;7056400
4;640x360;2177700
3;320x180;1358600
2;160x90;1023100
1;80x45;1123400
5;1280x720;6566300
4;640x360;1956400
3;320x180;1187600
2;160x90;941100
1;80x45;968600
5;1280x720;7170700
4;640x360;2087500
3;320x180;1148300
2;160x90;978900
1;80x45;947200
5;1280x720;6780700
4;640x360;2065200
3;320x180;1135300
2;160x90;964200
1;80x45;898200
5;1280x720;6907300
4;640x360;2112800
3;320x180;1209800
2;160x90;1065300
1;80x45;677700
5;1280x720;6922300
4;640x360;2035200
3;320x180;1331800
2;160x90;1278500
1;80x45;1160300
5;1280x720;6608200
4;640x360;2122000
3;320x180;1276200
2;160x90;1082800
1;80x45;1058000
5;1280x720;7036500
4;640x360;1971200
3;320x180;1187600
2;160x90;949100
1;80x45;879200
5;1280x720;6380000
4;640x360;2003800
3;320x180;1207700
2;160x90;975600
1;80x45;913300
5;1280x720;6649900
4;640x360;1899900
3;320x180;1302000
2;160x90;1111100
1;80x45;930400
5;1280x720;6978200
4;640x360;2122800
3;320x180;1387300
2;160x90;1125400
1;80x45;910800
5;1280x720;6425600
4;640x360;7603100
3;320x180;1328200
2;160x90;1129900
1;80x45;1059700
5;1280x720;6535400
4;640x360;6752500
3;320x180;1391000
2;160x90;1076200
1;80x45;874000
5;1280x720;6491700
4;640x360;2017400
3;320x180;1328500
2;160x90;1116800
1;80x45;960600
5;1280x720;6498100
4;640x360;2291000
3;320x180;1168300
2;160x90;890200
1;80x45;886500
5;1280x720;6806300
4;640x360;2196100
3;320x180;1704700
2;160x90;1371900
1;80x45;1080400
5;1280x720;7162800
4;640x360;2176000
3;320x180;1249100
2;160x90;1208500
1;80x45;1014700
5;1280x720;6629000
4;640x360;1947800
3;320x180;1130900
2;160x90;974700
1;80x45;910800
5;1280x720;7164700
4;640x360;1999400
3;320x180;1407100
2;160x90;1052100
1;80x45;518600
5;1280x720;6778600
4;640x360;1933500
3;320x180;1125200
2;160x90;1134900
1;80x45;974600
5;1280x720;8025000
4;640x360;2340000
3;320x180;1661700
2;160x90;1117300
1;80x45;1096800
5;1280x720;6823900
4;640x360;1769800
3;320x180;1379500
2;160x90;1031900
1;80x45;1071900
5;1280x720;6667000
4;640x360;1894900
3;320x180;1101500
2;160x90;923700
1;80x45;880700
5;1280x720;6633700
4;640x360;2003100
3;320x180;1251000
2;160x90;1088300
1;80x45;1052300
5;1280x720;6568500
4;640x360;1638600
3;320x180;1382400
2;160x90;1274400
1;80x45;979400
5;1280x720;7353300
4;640x360;2245300
3;320x180;1463600
2;160x90;882700
1;80x45;627300
5;1280x720;6600000
4;640x360;2142900
3;320x180;1297600
2;160x90;1118000
1;80x45;996300
5;1280x720;6617200
4;640x360;2121400
3;320x180;1283300
2;160x90;1181100
1;80x45;532400
5;1280x720;22664900
4;640x360;2065300
3;320x180;1292100
2;160x90;1025500
1;80x45;1153300
5;1280x720;6777900
4;640x360;2227200
3;320x180;1275200
2;160x90;1165200
1;80x45;955500
5;1280x720;6747300
4;640x360;2007200
3;320x180;1224200
2;160x90;1040800
1;80x45;932200
5;1280x720;7114200
4;640x360;1912900
3;320x180;1135200
2;160x90;922800
1;80x45;879800
5;1280x720;7046500
4;640x360;2552000
3;320x180;1365300
2;160x90;1361200
1;80x45;944100
5;1280x720;7041200
4;640x360;2133000
3;320x180;1295500
2;160x90;1094900
1;80x45;912700
5;1280x720;6928600
4;640x360;2495800
3;320x180;1335500
2;160x90;1189200
1;80x45;1231100
5;1280x720;19351300
4;640x360;2158900
3;320x180;1191700
2;160x90;989100
1;80x45;909700
5;1280x720;7650800
4;640x360;1992600
3;320x180;1459500
2;160x90;1015300
1;80x45;932600
5;1280x720;7324700
4;640x360;2162800
3;320x180;1271000
2;160x90;1155700
1;80x45;979900
5;1280x720;6367400
4;640x360;1959500
3;320x180;1144300
2;160x90;931300
1;80x45;903800
5;1280x720;6623300
4;640x360;1977300
3;320x180;1327300
2;160x90;577800
1;80x45;1047500
5;1280x720;6504500
4;640x360;2011100
3;320x180;1211400
2;160x90;955900
1;80x45;996600
5;1280x720;7036000
4;640x360;2382400
3;320x180;7023100
2;160x90;1261000
1;80x45;1014500
5;1280x720;6831200
4;640x360;2149800
3;320x180;1340400
2;160x90;1147400
1;80x45;1043300
5;1280x720;6716600
4;640x360;1985000
3;320x180;1179700
2;160x90;970100
1;80x45;886900
5;1280x720;6451300
4;640x360;1977700
3;320x180;1262600
2;160x90;992300
1;80x45;861500
5;1280x720;6524300
4;640x360;2224200
3;320x180;1803100
2;160x90;1201700
1;80x45;1136100
5;1280x720;7491700
4;640x360;2397400
3;320x180;1403300
2;160x90;1197200
1;80x45;1185900
5;1280x720;6754100
4;640x360;2080300
3;320x180;1284800
2;160x90;1075100
1;80x45;1147700
5;1280x720;12164500
4;640x360;2451700
3;320x180;1321800
2;160x90;1130800
1;80x45;1074400
5;1280x720;6967400
4;640x360;2176800
3;320x180;1597700
2;160x90;1134800
1;80x45;947600
5;1280x720;5974000
4;640x360;2200400
3;320x180;1348000
2;160x90;1119900
1;80x45;980800
5;1280x720;6850400
4;640x360;7479000
3;320x180;1380400
2;160x90;1078600
1;80x45;1022500
5;1280x720;6962300
4;640x360;2323500
3;320x180;1502300
2;160x90;1097400
1;80x45;983400
5;1280x720;6789700
4;640x360;2153300
3;320x180;1331100
2;160x90;1022900
1;80x45;1080800
5;1280x720;6708300
4;640x360;1952100
3;320x180;1341400
2;160x90;1105000
1;80x45;1157300
5;1280x720;6563600
4;640x360;1640700
3;320x180;1155400
2;160x90;951400
1;80x45;873200
5;1280x720;7024600
4;640x360;2126300
3;320x180;1318300
2;160x90;1105500
1;80x45;972100
5;1280x720;6304400
4;640x360;1548000
3;320x180;748300
2;160x90;1133300
1;80x45;1049600
5;1280x720;9848800
4;640x360;1938000
3;320x180;1172500
2;160x90;995700
1;80x45;877800
5;1280x720;10586800
4;640x360;2430700
3;320x180;1461500
2;160x90;1349000
1;80x45;965800
5;1280x720;6955700
4;640x360;2025400
3;320x180;1298400
2;160x90;994200
1;80x45;933900
5;1280x720;6649100
4;640x360;2025700
3;320x180;1195800
2;160x90;992800
1;80x45;992400
5;1280x720;7217600
4;640x360;1909100
3;320x180;1018200
2;160x90;1092200
1;80x45;926100
5;1280x720;6669800
4;640x360;2157900
3;320x180;770200
2;160x90;552600
1;80x45;1035400
5;1280x720;6697100
4;640x360;2230800
3;320x180;1218600
2;160x90;985100
1;80x45;895300
5;1280x720;6669700
4;640x360;2269100
3;320x180;1255600
2;160x90;592800
1;80x45;526200
5;1280x720;6347600
4;640x360;1555300
3;320x180;764000
2;160x90;997500
1;80x45;899800
5;1280x720;6880300
4;640x360;1989200
3;320x180;1420000
2;160x90;1152800
1;80x45;1126900
5;1280x720;6623000
4;640x360;2148800
3;320x180;1640000
2;160x90;1183700
1;80x45;1032100
5;1280x720;6727600
4;640x360;1976900
3;320x180;1164800
2;160x90;988300
1;80x45;885800
5;1280x720;6830600
4;640x360;2147400
3;320x180;1224100
2;160x90;1051100
1;80x45;943600
5;1280x720;6926100
4;640x360;1913400
3;320x180;1109300
2;160x90;1021500
1;80x45;1084100
5;1280x720;6884300
4;640x360;1977000
3;320x180;1145600
2;160x90;953200
1;80x45;859200
5;1280x720;7049700
4;640x360;8156100
3;320x180;1804800
2;160x90;1202100
1;80x45;1074200
5;1280x720;6670700
4;640x360;2013500
3;320x180;1289900
2;160x90;1096800
1;80x45;945500
5;1280x720;6638500
4;640x360;1976900
3;320x180;823600
2;160x90;1319500
1;80x45;978600
5;1280x720;6484800
4;640x360;2327000
3;320x180;949700
2;160x90;1113100
1;80x45;987900
5;1280x720;6513000
4;640x360;1718100
3;320x180;1260500
2;160x90;1159800
1;80x45;1007700
5;1280x720;6724000
4;640x360;2172900
3;320x180;3245500
2;160x90;1290300
1;80x45;1200700
5;1280x720;6540100
4;640x360;1940500
3;320x180;1097900
2;160x90;1019800
1;80x45;1105700
5;1280x720;6631500
4;640x360;2030700
3;320x180;1245300
2;160x90;941500
1;80x45;870600
5;1280x720;6888300
4;640x360;2112700
3;320x180;1198800
2;160x90;1152100
1;80x45;980800
5;1280x720;25171100
4;640x360;2563000
3;320x180;1768500
2;160x90;1335500
1;80x45;1468400
5;1280x720;7502100
4;640x360;2220600
3;320x180;1348000
2;160x90;1144500
1;80x45;981900
5;1280x720;7528800
4;640x360;2045300
3;320x180;816900
2;160x90;547000
1;80x45;469500
5;1280x720;7002100
4;640x360;1975100
3;320x180;1107400
2;160x90;1030800
1;80x45;911500
5;1280x720;6760300
4;640x360;2151100
3;320x180;1347000
2;160x90;1034000
1;80x45;712900
5;1280x720;6411100
4;640x360;2082300
3;320x180;1240100
2;160x90;1067600
1;80x45;968700
5;1280x720;7180200
4;640x360;2082100
3;320x180;1245500
2;160x90;1140000
1;80x45;1036000
5;1280x720;7430100
4;640x360;2131300
3;320x180;1185200
2;160x90;1107000
1;80x45;1089700
5;1280x720;6820600
4;640x360;2048100
3;320x180;1454700
2;160x90;995500
1;80x45;955100
5;1280x720;6432500
4;640x360;1898300
3;320x180;1136000
2;160x90;962700
1;80x45;900200
5;1280x720;6611500
4;640x360;2017600
3;320x180;1263900
2;160x90;1020800
1;80x45;937000
5;1280x720;6342800
4;640x360;1993500
3;320x180;1202700
2;160x90;1050000
1;80x45;1064500
5;1280x720;6899500
4;640x360;2021700
3;320x180;1149300
2;160x90;975000
1;80x45;1053200
5;1280x720;6948600
4;640x360;2480700
3;320x180;1523900
2;160x90;1457400
1;80x45;1263800
5;1280x720;6709700
4;640x360;2106600
3;320x180;1181600
2;160x90;1011800
1;80x45;943100
5;1280x720;6869900
4;640x360;1973400
3;320x180;1235700
2;160x90;1057900
1;80x45;1395900
5;1280x720;6345400
4;640x360;1910900
3;320x180;1096900
2;160x90;931900
1;80x45;867700
5;1280x720;6678700
4;640x360;1914300
3;320x180;1133400
2;160x90;907800
1;80x45;867500
5;1280x720;6696900
4;640x360;1981600
3;320x180;764500
2;160x90;578000
1;80x45;475400
5;1280x720;7010400
4;640x360;2053600
3;320x180;1329200
2;160x90;946000
1;80x45;980500
5;1280x720;6736500
4;640x360;1961700
3;320x180;1101100
2;160x90;517500
1;80x45;991500
5;1280x720;6773500
4;640x360;1910000
3;320x180;1122900
2;160x90;925700
1;80x45;838300
5;1280x720;6071600
4;640x360;1911800
3;320x180;1175000
2;160x90;1082300
1;80x45;930100
5;1280x720;6675200
4;640x360;2065800
3;320x180;1183300
2;160x90;1033400
1;80x45;1034600
5;1280x720;6509700
4;640x360;1909300
3;320x180;1156000
2;160x90;977600
1;80x45;922800
5;1280x720;2272600
4;640x360;699400
3;320x180;387400
2;160x90;342600
1;80x45;368100
5;1280x720;3380500
4;640x360;679300
3;320x180;356000
2;160x90;296300
1;80x45;273600
5;1280x720;2237400
4;640x360;663900
3;320x180;427100
2;160x90;396400
1;80x45;350500
5;1280x720;2048500
4;640x360;559700
3;320x180;342800
2;160x90;340400
1;80x45;342500
5;1280x720;2588900
4;640x360;621600
3;320x180;408800
2;160x90;372300
1;80x45;352500
5;1280x720;2217800
4;640x360;635400
3;320x180;355900
2;160x90;303100
1;80x45;276900
5;1280x720;10532400
4;640x360;9776600
3;320x180;6877100
2;160x90;1404000
1;80x45;6136700
5;1280x720;5943600
4;640x360;1989300
3;320x180;1246000
2;160x90;1057700
1;80x45;892400
5;1280x720;6303900
4;640x360;2005800
3;320x180;9945600
2;160x90;1135600
1;80x45;1128500
5;1280x720;6995800
4;640x360;2070000
3;320x180;1262000
2;160x90;1078100
1;80x45;1005500
5;1280x720;6998600
4;640x360;2103500
3;320x180;1579300
2;160x90;1261800
1;80x45;460300
5;1280x720;6125100
4;640x360;2093600
3;320x180;1316400
2;160x90;1170200
1;80x45;1001500
5;1280x720;6711000
4;640x360;1531100
3;320x180;768100
2;160x90;517400
1;80x45;616800
5;1280x720;6259300
4;640x360;3262900
3;320x180;3354900
2;160x90;1893800
1;80x45;1269200
5;1280x720;12047400
4;640x360;4711200
3;320x180;2313100
2;160x90;2906400
1;80x45;3194800
5;1280x720;6312000
4;640x360;6272400
3;320x180;1185800
2;160x90;865000
1;80x45;832300
5;1280x720;6702300
4;640x360;1912900
3;320x180;1116400
2;160x90;936100
1;80x45;873700
5;1280x720;6603100
4;640x360;2025300
3;320x180;1287600
2;160x90;966500
1;80x45;891100
5;1280x720;6209500
4;640x360;1521900
3;320x180;724400
2;160x90;1059600
1;80x45;930400
5;1280x720;6555800
4;640x360;1977400
3;320x180;1281200
2;160x90;924400
1;80x45;879300
5;1280x720;6833000
4;640x360;2156800
3;320x180;1405900
2;160x90;1012100
1;80x45;1026000
5;1280x720;7452300
4;640x360;2274600
3;320x180;1226000
2;160x90;942000
1;80x45;898200
5;1280x720;6586800
4;640x360;1862500
3;320x180;1133400
2;160x90;923400
1;80x45;885400
5;1280x720;6912600
4;640x360;7685300
3;320x180;1422400
2;160x90;1071800
1;80x45;936600
5;1280x720;7101200
4;640x360;2159800
3;320x180;1139300
2;160x90;1344100
1;80x45;960400
5;1280x720;6295800
4;640x360;1946400
3;320x180;1111700
2;160x90;921200
1;80x45;865600
5;1280x720;6755600
4;640x360;1910100
3;320x180;1088800
2;160x90;966200
1;80x45;869900
5;1280x720;6368000
4;640x360;1959800
3;320x180;1222500
2;160x90;990100
1;80x45;939800
5;1280x720;2220600
4;640x360;686000
3;320x180;478000
2;160x90;362400
1;80x45;396200
5;1280x720;2123700
4;640x360;807200
3;320x180;506800
2;160x90;409100
1;80x45;427500
5;1280x720;2659300
4;640x360;815900
3;320x180;453000
2;160x90;414000
1;80x45;331100
5;1280x720;1998200
4;640x360;665300
3;320x180;389300
2;160x90;295100
1;80x45;267700
5;1280x720;1917700
4;640x360;654300
3;320x180;346500
2;160x90;291700
1;80x45;264600
5;1280x720;2003900
4;640x360;592500
3;320x180;379000
2;160x90;346200
1;80x45;282800
5;1280x720;6199900
4;640x360;1554500
3;320x180;759500
2;160x90;622000
1;80x45;494800
5;1280x720;6742400
4;640x360;2074800
3;320x180;1288400
2;160x90;1778800
1;80x45;1509400
5;1280x720;1993600
4;640x360;769300
3;320x180;342900
2;160x90;296200
1;80x45;267400
5;1280x720;47265400
4;640x360;14987400
3;320x180;15193100
2;160x90;15111600
1;80x45;16066400
5;1280x720;2341900
4;640x360;711500
3;320x180;497300
2;160x90;361500
1;80x45;336100
5;1280x720;60789400
4;640x360;1384500
3;320x180;15195900
2;160x90;15371200
1;80x45;15689100
5;1280x720;1890200
4;640x360;628100
3;320x180;408800
2;160x90;325800
1;80x45;281700
5;1280x720;2804600
4;640x360;17204100
3;320x180;21207700
2;160x90;25472900
1;80x45;15714700
5;1280x720;16088300
4;640x360;16073500
3;320x180;15629100
2;160x90;15106100
1;80x45;15895300
5;1280x720;2407100
4;640x360;646100
3;320x180;354000
2;160x90;273300
1;80x45;243200
5;1280x720;47118800
4;640x360;15941100
3;320x180;15919400
2;160x90;15623900
1;80x45;15294300
5;1280x720;1916700
4;640x360;595000
3;320x180;377900
2;160x90;329700
1;80x45;302600
5;1280x720;48313200
4;640x360;15876700
3;320x180;15492100
2;160x90;15252700
1;80x45;15902600
5;1280x720;2358200
4;640x360;723400
3;320x180;431900
2;160x90;451100
1;80x45;599000
5;1280x720;2101600
4;640x360;863600
3;320x180;17857400
2;160x90;15018400
1;80x45;15752200
5;1280x720;56015400
4;640x360;14694400
3;320x180;2997800
2;160x90;801500
1;80x45;577900
5;1280x720;1894600
4;640x360;631400
3;320x180;418100
2;160x90;372900
1;80x45;275800
5;1280x720;32406800
4;640x360;16209500
3;320x180;19303500
2;160x90;11967100
1;80x45;16271600
5;1280x720;2243300
4;640x360;754000
3;320x180;374900
2;160x90;336100
1;80x45;246200
5;1280x720;48021900
4;640x360;6296800
3;320x180;509500
2;160x90;466400
1;80x45;471200
5;1280x720;3255900
4;640x360;2960500
3;320x180;433600
2;160x90;4634500
1;80x45;522100
5;1280x720;1819800
4;640x360;567300
3;320x180;359700
2;160x90;363000
1;80x45;335300
5;1280x720;44108300
4;640x360;15884500
3;320x180;15686100
2;160x90;16535600
1;80x45;10558300
5;1280x720;1983800
4;640x360;688100
3;320x180;481000
2;160x90;319600
1;80x45;302500
5;1280x720;46023000
4;640x360;15728800
3;320x180;15860400
2;160x90;15768900
1;80x45;18101200
5;1280x720;1864100
4;640x360;561500
3;320x180;333200
2;160x90;305800
1;80x45;273600
5;1280x720;4863400
4;640x360;2260100
3;320x180;24888700
2;160x90;20886900
1;80x45;11229400
5;1280x720;19807700
4;640x360;12255200
3;320x180;16011600
2;160x90;15129100
1;80x45;15993400
5;1280x720;1839900
4;640x360;537700
3;320x180;373900
2;160x90;369200
1;80x45;345500
5;1280x720;39502000
4;640x360;16053700
3;320x180;15661500
2;160x90;15483900
1;80x45;15841400
5;1280x720;2445700
4;640x360;679700
3;320x180;424900
2;160x90;536500
1;80x45;329200
5;1280x720;9844900
4;640x360;1099700
3;320x180;923800
2;160x90;1231900
1;80x45;849900
5;1280x720;5611100
4;640x360;25832600
3;320x180;15560700
2;160x90;15879300
1;80x45;15412700
5;1280x720;2032200
4;640x360;613800
3;320x180;431600
2;160x90;399600
1;80x45;354900
5;1280x720;31761100
4;640x360;13170700
3;320x180;15576200
2;160x90;15803400
1;80x45;14408700
5;1280x720;1989800
4;640x360;592300
3;320x180;347800
2;160x90;375300
1;80x45;353300
5;1280x720;48130800
4;640x360;12441700
3;320x180;15014100
2;160x90;15613400
1;80x45;14636700
5;1280x720;4066200
4;640x360;683100
3;320x180;2985400
2;160x90;624500
1;80x45;5795000
5;1280x720;1779400
4;640x360;617600
3;320x180;340400
2;160x90;290500
1;80x45;349300
5;1280x720;48098700
4;640x360;15441500
3;320x180;15599100
2;160x90;17998800
1;80x45;12054400
5;1280x720;1976000
4;640x360;605600
3;320x180;377900
2;160x90;348900
1;80x45;310000
5;1280x720;19009600
4;640x360;13591800
3;320x180;15221000
2;160x90;15219500
1;80x45;12017300
5;1280x720;14982700
4;640x360;783900
3;320x180;16472000
2;160x90;1846700
1;80x45;546600
5;1280x720;1740400
4;640x360;615100
3;320x180;410900
2;160x90;359300
1;80x45;330700
5;1280x720;30299000
4;640x360;15530700
3;320x180;15078900
2;160x90;17631300
1;80x45;14685100
5;1280x720;2364400
4;640x360;715700
3;320x180;420000
2;160x90;445300
1;80x45;454800
5;1280x720;2898800
4;640x360;829600
3;320x180;590000
2;160x90;720200
1;80x45;486800
5;1280x720;2694400
4;640x360;5846700
3;320x180;981500
2;160x90;823900
1;80x45;9254200
5;1280x720;1971500
4;640x360;622200
3;320x180;411000
2;160x90;369800
1;80x45;337800
5;1280x720;32267900
4;640x360;15499000
3;320x180;15797400
2;160x90;16002900
1;80x45;16239600
5;1280x720;2426300
4;640x360;763000
3;320x180;468700
2;160x90;359800
1;80x45;306900
5;1280x720;19315700
4;640x360;11830500
3;320x180;16191300
2;160x90;14457300
1;80x45;728100
5;1280x720;4860800
4;640x360;792600
3;320x180;5455000
2;160x90;727000
1;80x45;673400
5;1280x720;2392600
4;640x360;656000
3;320x180;383400
2;160x90;332900
1;80x45;293200
5;1280x720;4065900
4;640x360;12348300
3;320x180;1238400
2;160x90;14046000
1;80x45;14475700
5;1280x720;2024900
4;640x360;792700
3;320x180;347600
2;160x90;285500
1;80x45;294300
5;1280x720;47326700
4;640x360;15524900
3;320x180;14699700
2;160x90;15518400
1;80x45;16228400
5;1280x720;12332300
4;640x360;1718400
3;320x180;14456500
2;160x90;895200
1;80x45;17566400
5;1280x720;1701500
4;640x360;537100
3;320x180;333500
2;160x90;336300
1;80x45;261400
5;1280x720;63150800
4;640x360;16120100
3;320x180;14930500
2;160x90;15488000
1;80x45;14912100
5;1280x720;2464000
4;640x360;1628600
3;320x180;456800
2;160x90;337200
1;80x45;722800
5;1280x720;4185600
4;640x360;1599200
3;320x180;2677700
2;160x90;1359400
1;80x45;13943300
5;1280x720;15169800
4;640x360;14187800
3;320x180;4226500
2;160x90;490400
1;80x45;478900
5;1280x720;2942300
4;640x360;741900
3;320x180;446200
2;160x90;578200
1;80x45;508300
5;1280x720;49199700
4;640x360;13448700
3;320x180;14731000
2;160x90;15658700
1;80x45;1451800
5;1280x720;2297200
4;640x360;636900
3;320x180;385800
2;160x90;326600
1;80x45;294600
5;1280x720;30778400
4;640x360;16071200
3;320x180;14538700
2;160x90;15198900
1;80x45;957000
5;1280x720;43977600
4;640x360;1086800
3;320x180;677500
2;160x90;421900
1;80x45;353900
5;1280x720;1879500
4;640x360;565700
3;320x180;335500
2;160x90;283900
1;80x45;261300
5;1280x720;17959000
4;640x360;14387400
3;320x180;15166800
2;160x90;15430500
1;80x45;15384000
5;1280x720;1817500
4;640x360;633100
3;320x180;322400
2;160x90;274600
1;80x45;243000
5;1280x720;16158800
4;640x360;1348300
3;320x180;1184000
2;160x90;560200
1;80x45;439500
5;1280x720;25843900
4;640x360;1357800
3;320x180;1016300
2;160x90;13498400
1;80x45;1282300
5;1280x720;2130300
4;640x360;659500
3;320x180;418100
2;160x90;314100
1;80x45;271000
5;1280x720;47320500
4;640x360;16099500
3;320x180;15653500
2;160x90;15869800
1;80x45;15898800
5;1280x720;2169500
4;640x360;722500
3;320x180;570500
2;160x90;336200
1;80x45;295700
5;1280x720;32854400
4;640x360;15310000
3;320x180;13922100
2;160x90;1700300
1;80x45;894300
5;1280x720;2978700
4;640x360;798600
3;320x180;667400
2;160x90;1690700
1;80x45;450100
5;1280x720;2307900
4;640x360;670200
3;320x180;417700
2;160x90;359800
1;80x45;328400
5;1280x720;15559600
4;640x360;2196600
3;320x180;13408300
2;160x90;1142000
1;80x45;13566900
5;1280x720;1949900
4;640x360;649700
3;320x180;381400
2;160x90;322400
1;80x45;329900
5;1280x720;46530800
4;640x360;10557900
3;320x180;514700
2;160x90;388100
1;80x45;567100
5;1280x720;5945900
4;640x360;6265600
3;320x180;856600
2;160x90;889100
1;80x45;9309300
5;1280x720;2796000
4;640x360;878000
3;320x180;376400
2;160x90;301600
1;80x45;270800
5;1280x720;31744700
4;640x360;14742000
3;320x180;15208000
2;160x90;15768000
1;80x45;16069300
5;1280x720;1921100
4;640x360;694000
3;320x180;362700
2;160x90;309600
1;80x45;279800
5;1280x720;30933800
4;640x360;16222000
3;320x180;15467200
2;160x90;15836700
1;80x45;10519400
5;1280x720;4794600
4;640x360;5706200
3;320x180;499700
2;160x90;382800
1;80x45;8930600
5;1280x720;1859800
4;640x360;553400
3;320x180;328600
2;160x90;286300
1;80x45;258700
5;1280x720;30226300
4;640x360;16150100
3;320x180;16114400
2;160x90;13906500
1;80x45;15683800
5;1280x720;2031200
4;640x360;539300
3;320x180;320000
2;160x90;285400
1;80x45;318200
5;1280x720;30956300
4;640x360;14644500
3;320x180;15570300
2;160x90;14584200
1;80x45;15382200
5;1280x720;9614700
4;640x360;2151400
3;320x180;6884700
2;160x90;544500
1;80x45;9233500
5;1280x720;2028500
4;640x360;767000
3;320x180;590300
2;160x90;371200
1;80x45;280400
5;1280x720;32285900
4;640x360;15327200
3;320x180;15248000
2;160x90;16153200
1;80x45;15338100
5;1280x720;2038300
4;640x360;724000
3;320x180;458800
2;160x90;380000
1;80x45;320600
5;1280x720;64318400
4;640x360;14961000
3;320x180;5602300
2;160x90;803900
1;80x45;1171000
5;1280x720;4789900
4;640x360;5777600
3;320x180;567300
2;160x90;9013200
1;80x45;747000
5;1280x720;3934300
4;640x360;849800
3;320x180;1160500
2;160x90;537400
1;80x45;426800
5;1280x720;32523900
4;640x360;15524400
3;320x180;16511300
2;160x90;14200000
1;80x45;15412400
5;1280x720;2161300
4;640x360;639400
3;320x180;398100
2;160x90;310900
1;80x45;284700
5;1280x720;32354100
4;640x360;15548500
3;320x180;15694200
2;160x90;15559100
1;80x45;15954400
5;1280x720;15117200
4;640x360;17958000
3;320x180;608500
2;160x90;17921400
1;80x45;6791100
5;1280x720;2204100
4;640x360;728800
3;320x180;400500
2;160x90;317500
1;80x45;328400
5;1280x720;17412500
4;640x360;12360400
3;320x180;1730200
2;160x90;13573800
1;80x45;1098400
5;1280x720;1943000
4;640x360;682100
3;320x180;438900
2;160x90;304500
1;80x45;269600
5;1280x720;45476400
4;640x360;13234800
3;320x180;794400
2;160x90;554400
1;80x45;1126500
5;1280x720;4724800
4;640x360;3506800
3;320x180;571100
2;160x90;5689000
1;80x45;593400
5;1280x720;1968800
4;640x360;624600
3;320x180;349500
2;160x90;298700
1;80x45;275700
5;1280x720;31268900
4;640x360;15945500
3;320x180;15790200
2;160x90;11027900
1;80x45;20477700
5;1280x720;2134100
4;640x360;643700
3;320x180;341300
2;160x90;356900
1;80x45;303000
5;1280x720;16101500
4;640x360;14138800
3;320x180;14463600
2;160x90;1432000
1;80x45;13884200
5;1280x720;4120800
4;640x360;3055600
3;320x180;526200
2;160x90;5716800
1;80x45;666100
5;1280x720;4032000
4;640x360;1390500
3;320x180;579500
2;160x90;411200
1;80x45;512900
5;1280x720;18775000
4;640x360;1223500
3;320x180;12365800
2;160x90;16680600
1;80x45;14966800
5;1280x720;1939400
4;640x360;548600
3;320x180;327300
2;160x90;332700
1;80x45;312700
5;1280x720;47544400
4;640x360;16285700
3;320x180;14998300
2;160x90;16140400
1;80x45;10233600
5;1280x720;20984600
4;640x360;1204300
3;320x180;22055100
2;160x90;3251100
1;80x45;764500
5;1280x720;1978200
4;640x360;609700
3;320x180;376000
2;160x90;333300
1;80x45;325400
5;1280x720;31926200
4;640x360;15757700
3;320x180;15370400
2;160x90;15797000
1;80x45;12421200
5;1280x720;2040300
4;640x360;653500
3;320x180;417600
2;160x90;378300
1;80x45;366600
5;1280x720;7621500
4;640x360;1128600
3;320x180;1237800
2;160x90;1419800
1;80x45;748700
5;1280x720;5395700
4;640x360;6191000
3;320x180;626200
2;160x90;440500
1;80x45;8895200
5;1280x720;3215000
4;640x360;861000
3;320x180;654700
2;160x90;662900
1;80x45;463200
5;1280x720;31603700
4;640x360;15014100
3;320x180;15357400
2;160x90;16351100
1;80x45;15625700
5;1280x720;1663700
4;640x360;534000
3;320x180;317900
2;160x90;364700
1;80x45;339700
5;1280x720;17123500
4;640x360;15278200
3;320x180;14477300
2;160x90;15773200
1;80x45;15414000
5;1280x720;2825500
4;640x360;2337800
3;320x180;3146700
2;160x90;611500
1;80x45;4566600
5;1280x720;2495700
4;640x360;687100
3;320x180;441200
2;160x90;676500
1;80x45;506500
5;1280x720;31942200
4;640x360;15368800
3;320x180;724000
2;160x90;14274400
1;80x45;16133100
5;1280x720;1731100
4;640x360;609400
3;320x180;382500
2;160x90;450200
1;80x45;320600
5;1280x720;4317500
4;640x360;1054600
3;320x180;977200
2;160x90;1086600
1;80x45;23053000
5;1280x720;27767900
4;640x360;1222200
3;320x180;661100
2;160x90;2602400
1;80x45;733700
5;1280x720;2128700
4;640x360;566600
3;320x180;330000
2;160x90;301600
1;80x45;282100
5;1280x720;48129600
4;640x360;15897500
3;320x180;14781300
2;160x90;15981400
1;80x45;15622700
5;1280x720;2452800
4;640x360;713400
3;320x180;460400
2;160x90;390900
1;80x45;341600
5;1280x720;5040200
4;640x360;2221800
3;320x180;1126100
2;160x90;20727800
1;80x45;15836700
5;1280x720;3116100
4;640x360;1841500
3;320x180;620400
2;160x90;3193300
1;80x45;670500
5;1280x720;1973300
4;640x360;606600
3;320x180;397800
2;160x90;414400
1;80x45;367800
5;1280x720;16725400
4;640x360;13370400
3;320x180;15392300
2;160x90;15510900
1;80x45;15143700
5;1280x720;1982500
4;640x360;584300
3;320x180;331100
2;160x90;278100
1;80x45;254200
5;1280x720;3732900
4;640x360;873700
3;320x180;1317700
2;160x90;517500
1;80x45;534900
5;1280x720;25953000
4;640x360;1056500
3;320x180;677800
2;160x90;1133800
1;80x45;572200
5;1280x720;1747800
4;640x360;550500
3;320x180;330700
2;160x90;287000
1;80x45;263300
5;1280x720;31908200
4;640x360;15243500
3;320x180;15655600
2;160x90;15536300
1;80x45;15049900
5;1280x720;1895800
4;640x360;601200
3;320x180;414900
2;160x90;382200
1;80x45;357700
5;1280x720;2965300
4;640x360;17456700
3;320x180;14805100
2;160x90;16055100
1;80x45;15027200
5;1280x720;4111300
4;640x360;640300
3;320x180;501000
2;160x90;2841500
1;80x45;636800
5;1280x720;3023900
4;640x360;649700
3;320x180;569800
2;160x90;675600
1;80x45;273100
5;1280x720;46090600
4;640x360;15067500
3;320x180;15033700
2;160x90;15515800
1;80x45;15665500
5;1280x720;2121700
4;640x360;669400
3;320x180;445000
2;160x90;396700
1;80x45;430300
5;1280x720;4186300
4;640x360;1463000
3;320x180;729400
2;160x90;822100
1;80x45;26447400
5;1280x720;6419200
4;640x360;690900
3;320x180;6531000
2;160x90;463400
1;80x45;371400
5;1280x720;2683200
4;640x360;772400
3;320x180;390800
2;160x90;362800
1;80x45;291700
5;1280x720;31166500
4;640x360;14701300
3;320x180;15098500
2;160x90;17560000
1;80x45;13135100
5;1280x720;2915700
4;640x360;804100
3;320x180;480500
2;160x90;409500
1;80x45;322400
5;1280x720;2859400
4;640x360;911200
3;320x180;898000
2;160x90;551700
1;80x45;14177400
5;1280x720;4562200
4;640x360;2435900
3;320x180;851100
2;160x90;693700
1;80x45;1187000
5;1280x720;1949600
4;640x360;624000
3;320x180;363600
2;160x90;356000
1;80x45;320000
5;1280x720;32560800
4;640x360;14795300
3;320x180;15958800
2;160x90;15473300
1;80x45;15870200
5;1280x720;2060500
4;640x360;644800
3;320x180;446100
2;160x90;424700
1;80x45;329500
5;1280x720;2839000
4;640x360;736200
3;320x180;616400
2;160x90;734900
1;80x45;454100
5;1280x720;11107900
4;640x360;13297000
3;320x180;731900
2;160x90;538500
1;80x45;18010200
5;1280x720;1873200
4;640x360;626700
3;320x180;420200
2;160x90;338600
1;80x45;369200
5;1280x720;48041500
4;640x360;15533700
3;320x180;15864800
2;160x90;15063900
1;80x45;15959100
5;1280x720;2084700
4;640x360;587600
3;320x180;449100
2;160x90;422400
1;80x45;367700
5;1280x720;15286300
4;640x360;1441500
3;320x180;1136600
2;160x90;814000
1;80x45;653200
5;1280x720;3137900
4;640x360;814700
3;320x180;1669000
2;160x90;518900
1;80x45;2962800
5;1280x720;2094800
4;640x360;660100
3;320x180;583500
2;160x90;440200
1;80x45;275400
5;1280x720;17464200
4;640x360;13804900
3;320x180;13762200
2;160x90;17018900
1;80x45;13056400
5;1280x720;1835400
4;640x360;573800
3;320x180;410600
2;160x90;337700
1;80x45;292900
5;1280x720;6568800
4;640x360;1418000
3;320x180;564300
2;160x90;567500
1;80x45;838600
5;1280x720;37296500
4;640x360;8307100
3;320x180;919700
2;160x90;733400
1;80x45;630800
5;1280x720;2161600
4;640x360;627600
3;320x180;406500
2;160x90;342900
1;80x45;362600
5;1280x720;45950800
4;640x360;15250700
3;320x180;15693200
2;160x90;15858400
1;80x45;14991300
5;1280x720;1769100
4;640x360;539700
3;320x180;338400
2;160x90;291300
1;80x45;290400
5;1280x720;46978300
4;640x360;15732500
3;320x180;14803600
2;160x90;15677400
1;80x45;15925400
5;1280x720;1905100
4;640x360;627800
3;320x180;373300
2;160x90;333000
1;80x45;288800
5;1280x720;6893400
4;640x360;1310500
3;320x180;544000
2;160x90;488600
1;80x45;643300
5;1280x720;20877400
4;640x360;25767000
3;320x180;14476100
2;160x90;15876200
1;80x45;15990100
5;1280x720;2347300
4;640x360;851500
3;320x180;472800
2;160x90;447500
1;80x45;380400
5;1280x720;63747700
4;640x360;14816300
3;320x180;15213600
2;160x90;14381500
1;80x45;15165300
5;1280x720;2094000
4;640x360;619400
3;320x180;369100
2;160x90;309700
1;80x45;275400
5;1280x720;7760300
4;640x360;1228900
3;320x180;545300
2;160x90;493000
1;80x45;352900
5;1280x720;11160100
4;640x360;901800
3;320x180;11602800
2;160x90;654200
1;80x45;499800
5;1280x720;2208400
4;640x360;769100
3;320x180;417100
2;160x90;335500
1;80x45;319900
5;1280x720;47259900
4;640x360;15132600
3;320x180;12820300
2;160x90;653500
1;80x45;544300
5;1280x720;1920600
4;640x360;634900
3;320x180;399700
2;160x90;344900
1;80x45;305200
5;1280x720;47507100
4;640x360;15118100
3;320x180;15855000
2;160x90;16051100
1;80x45;16021000
5;1280x720;2076000
4;640x360;577200
3;320x180;499200
2;160x90;406000
1;80x45;328000
5;1280x720;28446600
4;640x360;1141100
3;320x180;710300
2;160x90;644100
1;80x45;25996100
5;1280x720;19383600
4;640x360;1474200
3;320x180;453100
2;160x90;3066900
1;80x45;450000
5;1280x720;2030600
4;640x360;595600
3;320x180;337500
2;160x90;319000
1;80x45;267500
5;1280x720;46712000
4;640x360;15504200
3;320x180;15087600
2;160x90;15021500
1;80x45;15434200
5;1280x720;1988300
4;640x360;562600
3;320x180;337900
2;160x90;298600
1;80x45;265900
5;1280x720;46638500
4;640x360;15792100
3;320x180;15972800
2;160x90;16139600
1;80x45;15817700
5;1280x720;1778200
4;640x360;557600
3;320x180;329600
2;160x90;391700
1;80x45;429500
5;1280x720;3446000
4;640x360;888600
3;320x180;561000
2;160x90;18640100
1;80x45;15125400
5;1280x720;26337300
4;640x360;18110500
3;320x180;12495800
2;160x90;15676500
1;80x45;5283500
5;1280x720;2317000
4;640x360;551500
3;320x180;336400
2;160x90;276000
1;80x45;253700
5;1280x720;31428600
4;640x360;15670000
3;320x180;15079700
2;160x90;15218500
1;80x45;15547300
5;1280x720;2262900
4;640x360;775100
3;320x180;417400
2;160x90;349000
1;80x45;279600
5;1280x720;41060200
4;640x360;885000
3;320x180;1196000
2;160x90;633500
1;80x45;640400
5;1280x720;8195600
4;640x360;8767600
3;320x180;459700
2;160x90;11746600
1;80x45;383400
5;1280x720;1992700
4;640x360;569600
3;320x180;465200
2;160x90;465500
1;80x45;435700
5;1280x720;45908800
4;640x360;980700
3;320x180;696100
2;160x90;633300
1;80x45;4437800
5;1280x720;1878500
4;640x360;626100
3;320x180;355400
2;160x90;298000
1;80x45;365300
5;1280x720;48270300
4;640x360;15008500
3;320x180;15158700
2;160x90;15714800
1;80x45;2314600
5;1280x720;2513100
4;640x360;645400
3;320x180;352100
2;160x90;327300
1;80x45;277800
5;1280x720;2411900
4;640x360;755600
3;320x180;607200
2;160x90;883500
1;80x45;814500
5;1280x720;44575300
4;640x360;15924500
3;320x180;15739600
2;160x90;16008400
1;80x45;6563500
5;1280x720;1903900
4;640x360;555000
3;320x180;342700
2;160x90;418800
1;80x45;268700
5;1280x720;51281200
4;640x360;11805000
3;320x180;15995000
2;160x90;15844700
1;80x45;15673800
5;1280x720;1791100
4;640x360;542600
3;320x180;352200
2;160x90;302500
1;80x45;286100
5;1280x720;3784100
4;640x360;23757400
3;320x180;15935700
2;160x90;16422200
1;80x45;15141400
5;1280x720;1969600
4;640x360;602900
3;320x180;379600
2;160x90;281800
1;80x45;257000
5;1280x720;2602900
4;640x360;1279100
3;320x180;15316000
2;160x90;15157000
1;80x45;11955300
5;1280x720;2738100
4;640x360;4334900
3;320x180;514700
2;160x90;438500
1;80x45;11214500
5;1280x720;1734900
4;640x360;619600
3;320x180;333300
2;160x90;381200
1;80x45;421300
5;1280x720;47184200
4;640x360;15634900
3;320x180;15798000
2;160x90;15138200
1;80x45;15670400
5;1280x720;2006300
4;640x360;655100
3;320x180;408600
2;160x90;326400
1;80x45;308300
5;1280x720;7257200
4;640x360;1412000
3;320x180;591200
2;160x90;893800
1;80x45;734300
5;1280x720;41976000
4;640x360;15780000
3;320x180;14956300
2;160x90;15155800
1;80x45;9907100
5;1280x720;1824700
4;640x360;681300
3;320x180;459200
2;160x90;391900
1;80x45;366200
5;1280x720;47052700
4;640x360;14790000
3;320x180;15785700
2;160x90;15368800
1;80x45;16009800
5;1280x720;1868900
4;640x360;650900
3;320x180;368300
2;160x90;314100
1;80x45;276300
5;1280x720;3900000
4;640x360;1092600
3;320x180;14195200
2;160x90;19069600
1;80x45;15493200
5;1280x720;6020800
4;640x360;631200
3;320x180;5739500
2;160x90;439100
1;80x45;7287700
5;1280x720;2908800
4;640x360;854000
3;320x180;578500
2;160x90;528300
1;80x45;16338300
5;1280x720;26499600
4;640x360;1139300
3;320x180;510600
2;160x90;4473500
1;80x45;497800
5;1280x720;1953200
4;640x360;550800
3;320x180;415700
2;160x90;371600
1;80x45;355100
5;1280x720;47157300
4;640x360;15522900
3;320x180;14946800
2;160x90;15780500
1;80x45;15486200
5;1280x720;1804900
4;640x360;544500
3;320x180;323400
2;160x90;406500
1;80x45;370300
5;1280x720;9569200
4;640x360;1503900
3;320x180;475300
2;160x90;571400
1;80x45;610400
5;1280x720;26714100
4;640x360;15421500
3;320x180;15065200
2;160x90;14991600
1;80x45;15885300
5;1280x720;2303500
4;640x360;700600
3;320x180;424500
2;160x90;377300
1;80x45;339200
5;1280x720;47491400
4;640x360;15498500
3;320x180;15443900
2;160x90;15586700
1;80x45;15850100
5;1280x720;1806500
4;640x360;579000
3;320x180;482800
2;160x90;379500
1;80x45;363900
5;1280x720;48372300
4;640x360;14979200
3;320x180;15253800
2;160x90;16043500
1;80x45;15972500
5;1280x720;1852700
4;640x360;601000
3;320x180;342200
2;160x90;282800
1;80x45;253300
5;1280x720;3585200
4;640x360;850400
3;320x180;883300
2;160x90;16228400
1;80x45;15121400
5;1280x720;21048600
4;640x360;15232400
3;320x180;15442000
2;160x90;15626700
1;80x45;8337100
5;1280x720;2396000
4;640x360;854700
3;320x180;539100
2;160x90;322500
1;80x45;283300
5;1280x720;46725300
4;640x360;16250200
3;320x180;15827700
2;160x90;15562000
1;80x45;15320600
5;1280x720;1905400
4;640x360;644200
3;320x180;354900
2;160x90;309600
1;80x45;278300
5;1280x720;22280600
4;640x360;745800
3;320x180;816300
2;160x90;572000
1;80x45;268600
5;1280x720;8353000
4;640x360;918600
3;320x180;8818500
2;160x90;667200
1;80x45;467200
5;1280x720;1819300
4;640x360;555900
3;320x180;330300
2;160x90;283800
1;80x45;254100
5;1280x720;3534900
4;640x360;1032600
3;320x180;577100
2;160x90;508000
1;80x45;435000
5;1280x720;6723400
4;640x360;1868800
3;320x180;1155600
2;160x90;976200
1;80x45;879000
5;1280x720;6336500
4;640x360;1968000
3;320x180;1235200
2;160x90;1090900
1;80x45;1037500
5;1280x720;8076700
4;640x360;2326000
3;320x180;1319500
2;160x90;972600
1;80x45;1008600
5;1280x720;6862200
4;640x360;2061900
3;320x180;1180800
2;160x90;961000
1;80x45;896200
5;1280x720;6993200
4;640x360;1994000
3;320x180;1232700
2;160x90;1014400
1;80x45;912100
5;1280x720;7066400
4;640x360;2456000
3;320x180;1175000
2;160x90;928500
1;80x45;591000
5;1280x720;6379200
4;640x360;1546200
3;320x180;1135500
2;160x90;965800
1;80x45;873200
5;1280x720;6577800
4;640x360;2015700
3;320x180;1244500
2;160x90;1043200
1;80x45;900800
5;1280x720;6765900
4;640x360;1913200
3;320x180;1109600
2;160x90;961300
1;80x45;862800
5;1280x720;6890300
4;640x360;2166500
3;320x180;7024900
2;160x90;8222600
1;80x45;678400
5;1280x720;6514800
4;640x360;1978000
3;320x180;1130100
2;160x90;965100
1;80x45;864800
5;1280x720;6765000
4;640x360;1952700
3;320x180;1270800
2;160x90;1120300
1;80x45;487900
5;1280x720;7012300
4;640x360;2050300
3;320x180;1146100
2;160x90;1037400
1;80x45;893000
5;1280x720;6588200
4;640x360;2197400
3;320x180;804900
2;160x90;583700
1;80x45;492600
5;1280x720;7228000
4;640x360;2485000
3;320x180;1213600
2;160x90;950600
1;80x45;881100
5;1280x720;6808800
4;640x360;2012500
3;320x180;1158700
2;160x90;933100
1;80x45;874100
5;1280x720;6672400
4;640x360;2178600
3;320x180;799600
2;160x90;995200
1;80x45;1007100
5;1280x720;12120700
4;640x360;2210800
3;320x180;1168600
2;160x90;918400
1;80x45;880400
5;1280x720;6647000
4;640x360;1931900
3;320x180;1122200
2;160x90;975900
1;80x45;892000
5;1280x720;6644000
4;640x360;2046000
3;320x180;1172000
2;160x90;1013000
1;80x45;1009400
5;1280x720;6692300
4;640x360;1975700
3;320x180;761100
2;160x90;995700
1;80x45;1009200
5;1280x720;6583100
4;640x360;2273800
3;320x180;809900
2;160x90;591100
1;80x45;505000
5;1280x720;7186800
4;640x360;2165900
3;320x180;1234000
2;160x90;1051600
1;80x45;885800
5;1280x720;6384900
4;640x360;2124400
3;320x180;1114200
2;160x90;1122200
1;80x45;1038200
5;1280x720;6447000
4;640x360;2027000
3;320x180;1261300
2;160x90;1151400
1;80x45;988900
5;1280x720;6463100
4;640x360;1980000
3;320x180;1155700
2;160x90;917300
1;80x45;878500
5;1280x720;5687500
4;640x360;2005100
3;320x180;1211500
2;160x90;1081200
1;80x45;1006100
5;1280x720;6341900
4;640x360;2006300
3;320x180;1330000
2;160x90;1056100
1;80x45;1014200
5;1280x720;6559500
4;640x360;1974600
3;320x180;1153800
2;160x90;939200
1;80x45;878300
5;1280x720;6724200
4;640x360;2040800
3;320x180;1345500
2;160x90;987800
1;80x45;966800
5;1280x720;7033200
4;640x360;2147500
3;320x180;1238300
2;160x90;988700
1;80x45;914700
5;1280x720;6765200
4;640x360;2277300
3;320x180;1049100
2;160x90;1122800
1;80x45;955300
5;1280x720;6628100
4;640x360;2027200
3;320x180;1335400
2;160x90;1194300
1;80x45;1046100
5;1280x720;7020600
4;640x360;2151000
3;320x180;1228100
2;160x90;1064600
1;80x45;1015000
5;1280x720;6627100
4;640x360;1983000
3;320x180;1352000
2;160x90;1013300
1;80x45;498200
5;1280x720;6655200
4;640x360;1965900
3;320x180;1122200
2;160x90;931800
1;80x45;862300
5;1280x720;6878300
4;640x360;2062600
3;320x180;1267200
2;160x90;1098200
1;80x45;1019600
5;1280x720;6427000
4;640x360;2012300
3;320x180;1139300
2;160x90;939200
1;80x45;863300
5;1280x720;6577400
4;640x360;1932100
3;320x180;1120900
2;160x90;931900
1;80x45;882900
5;1280x720;6193200
4;640x360;1920400
3;320x180;1193200
2;160x90;1044100
1;80x45;1033000
5;1280x720;6597700
4;640x360;2035800
3;320x180;1137100
2;160x90;1150900
1;80x45;949100
5;1280x720;6846400
4;640x360;2100300
3;320x180;1269600
2;160x90;1044100
1;80x45;928600
5;1280x720;6672800
4;640x360;1967200
3;320x180;1125300
2;160x90;955400
1;80x45;888900
5;1280x720;6624600
4;640x360;2100600
3;320x180;1238300
2;160x90;965600
1;80x45;863000
5;1280x720;6707100
4;640x360;2052700
3;320x180;1151600
2;160x90;915100
1;80x45;943400
5;1280x720;6878700
4;640x360;1989300
3;320x180;1296600
2;160x90;1003200
1;80x45;1028600
5;1280x720;6904800
4;640x360;2127600
3;320x180;1184300
2;160x90;1231100
1;80x45;1011300
5;1280x720;6514900
4;640x360;1995800
3;320x180;1187300
2;160x90;985800
1;80x45;959200
5;1280x720;6701200
4;640x360;1978600
3;320x180;1137300
2;160x90;954800
1;80x45;944000
5;1280x720;6657400
4;640x360;2011200
3;320x180;767700
2;160x90;524800
1;80x45;452400
5;1280x720;6938200
4;640x360;2020700
3;320x180;1213800
2;160x90;1192400
1;80x45;1103700
5;1280x720;6429800
4;640x360;2209800
3;320x180;1237300
2;160x90;1085700
1;80x45;559100
5;1280x720;6751200
4;640x360;2056300
3;320x180;1163700
2;160x90;978800
1;80x45;907800
5;1280x720;6754800
4;640x360;1992200
3;320x180;755600
2;160x90;620500
1;80x45;980600
5;1280x720;6960400
4;640x360;1949400
3;320x180;1093700
2;160x90;929000
1;80x45;863600
5;1280x720;6917500
4;640x360;2071100
3;320x180;1294800
2;160x90;1038400
1;80x45;926300
5;1280x720;6957900
4;640x360;1680300
3;320x180;1247200
2;160x90;951300
1;80x45;866500
5;1280x720;6369600
4;640x360;2349300
3;320x180;1173000
2;160x90;1080300
1;80x45;980500
5;1280x720;6889800
4;640x360;2207800
3;320x180;1187300
2;160x90;976900
1;80x45;870300
5;1280x720;6891200
4;640x360;2126800
3;320x180;1215100
2;160x90;942500
1;80x45;872500
5;1280x720;6652400
4;640x360;2045400
3;320x180;1121000
2;160x90;977000
1;80x45;937900
5;1280x720;6383100
4;640x360;1980900
3;320x180;1114000
2;160x90;928300
1;80x45;873300
5;1280x720;6959700
4;640x360;1963300
3;320x180;1149900
2;160x90;934600
1;80x45;885100
5;1280x720;6924600
4;640x360;2174400
3;320x180;868800
2;160x90;569800
1;80x45;503500
5;1280x720;6829900
4;640x360;2012400
3;320x180;1167000
2;160x90;944700
1;80x45;875600
5;1280x720;6654700
4;640x360;2000000
3;320x180;1201300
2;160x90;927200
1;80x45;866700
5;1280x720;6789900
4;640x360;1975000
3;320x180;1168600
2;160x90;932600
1;80x45;876900
5;1280x720;6210500
4;640x360;1493900
3;320x180;1182200
2;160x90;988800
1;80x45;889200
5;1280x720;6588200
4;640x360;2412200
3;320x180;1206800
2;160x90;1013700
1;80x45;979100
5;1280x720;19932600
4;640x360;2219100
3;320x180;1469600
2;160x90;1084300
1;80x45;923700
5;1280x720;6711400
4;640x360;2133100
3;320x180;795300
2;160x90;1053000
1;80x45;993800
5;1280x720;6628900
4;640x360;1992900
3;320x180;800800
2;160x90;539500
1;80x45;488200
5;1280x720;6417600
4;640x360;2214900
3;320x180;840700
2;160x90;1300700
1;80x45;867000
5;1280x720;7035700
4;640x360;2489900
3;320x180;1548500
2;160x90;1295800
1;80x45;1046100
5;1280x720;7110800
4;640x360;1977600
3;320x180;1157000
2;160x90;932700
1;80x45;866900
5;1280x720;6298400
4;640x360;1986900
3;320x180;776800
2;160x90;550400
1;80x45;477700
5;1280x720;6287900
4;640x360;2032400
3;320x180;1251900
2;160x90;1066500
1;80x45;1012200
5;1280x720;6556300
4;640x360;1991100
3;320x180;1182400
2;160x90;956700
1;80x45;896500
5;1280x720;6375800
4;640x360;2153000
3;320x180;860200
2;160x90;610600
1;80x45;510700
5;1280x720;6687100
4;640x360;2003000
3;320x180;1185800
2;160x90;1171700
1;80x45;482400
5;1280x720;6278400
4;640x360;1941400
3;320x180;1224100
2;160x90;1012700
1;80x45;919200
5;1280x720;6311200
4;640x360;2022200
3;320x180;1165600
2;160x90;927100
1;80x45;853600
5;1280x720;6674400
4;640x360;1986500
3;320x180;1203700
2;160x90;951500
1;80x45;494000
5;1280x720;6223500
4;640x360;1963800
3;320x180;1169100
2;160x90;956700
1;80x45;909700
5;1280x720;6457300
4;640x360;1667800
3;320x180;1277500
2;160x90;928500
1;80x45;939200
5;1280x720;6923500
4;640x360;1917200
3;320x180;1163200
2;160x90;898300
1;80x45;887500
5;1280x720;6517900
4;640x360;1945200
3;320x180;1146900
2;160x90;936400
1;80x45;469500
5;1280x720;6712100
4;640x360;1563300
3;320x180;733200
2;160x90;980000
1;80x45;877400
5;1280x720;6604500
4;640x360;2205200
3;320x180;1206500
2;160x90;1054600
1;80x45;997700
5;1280x720;6670800
4;640x360;2021600
3;320x180;1183700
2;160x90;937300
1;80x45;909500
5;1280x720;6599200
4;640x360;2023100
3;320x180;780700
2;160x90;1116900
1;80x45;1050300
5;1280x720;6879200
4;640x360;2129500
3;320x180;1268500
2;160x90;1178100
1;80x45;1041300
5;1280x720;6717600
4;640x360;1912700
3;320x180;1107000
2;160x90;938200
1;80x45;883300
5;1280x720;6734300
4;640x360;7613400
3;320x180;1249000
2;160x90;949800
1;80x45;883600
5;1280x720;6507500
4;640x360;7270700
3;320x180;1325400
2;160x90;1041400
1;80x45;967700
5;1280x720;6619800
4;640x360;1920000
3;320x180;1138000
2;160x90;961000
1;80x45;877900
5;1280x720;7114700
4;640x360;2029100
3;320x180;1249600
2;160x90;1089600
1;80x45;1013900
5;1280x720;6610000
4;640x360;2092400
3;320x180;1454200
2;160x90;1039800
1;80x45;1002300
5;1280x720;2321200
4;640x360;649500
3;320x180;439600
2;160x90;378800
1;80x45;340900
5;1280x720;47321300
4;640x360;991300
3;320x180;612900
2;160x90;844900
1;80x45;730900
5;1280x720;64202100
4;640x360;15691200
3;320x180;493000
2;160x90;1378200
1;80x45;442800
5;1280x720;2013600
4;640x360;587000
3;320x180;332400
2;160x90;287500
1;80x45;284200
5;1280x720;2218400
4;640x360;830100
3;320x180;463800
2;160x90;411600
1;80x45;308500
5;1280x720;2239200
4;640x360;657700
3;320x180;370400
2;160x90;303900
1;80x45;291800
5;1280x720;2916100
4;640x360;713700
3;320x180;620700
2;160x90;375600
1;80x45;353500
5;1280x720;6830800
4;640x360;1569300
3;320x180;717300
2;160x90;537200
1;80x45;461100
5;1280x720;6582500
4;640x360;1905300
3;320x180;1086200
2;160x90;1162700
1;80x45;457800
5;1280x720;6700700
4;640x360;1952000
3;320x180;1143200
2;160x90;929000
1;80x45;972300
5;1280x720;6170300
4;640x360;1944100
3;320x180;1107000
2;160x90;945400
1;80x45;889100
5;1280x720;6909800
4;640x360;2158400
3;320x180;812800
2;160x90;991400
1;80x45;952200
5;1280x720;6675400
4;640x360;2203300
3;320x180;801300
2;160x90;559300
1;80x45;646000
5;1280x720;6872000
4;640x360;1653200
3;320x180;1179100
2;160x90;1118700
1;80x45;1020900
5;1280x720;6648700
4;640x360;2020800
3;320x180;755400
2;160x90;571600
1;80x45;488700
5;1280x720;6933900
4;640x360;2004100
3;320x180;1217200
2;160x90;1003600
1;80x45;1010800
5;1280x720;6290700
4;640x360;1916500
3;320x180;1100400
2;160x90;998300
1;80x45;961100
5;1280x720;6126700
4;640x360;1933400
3;320x180;1131900
2;160x90;936800
1;80x45;863700
5;1280x720;6613600
4;640x360;1973300
3;320x180;1119500
2;160x90;1037100
1;80x45;1155800
5;1280x720;6681400
4;640x360;2077300
3;320x180;777400
2;160x90;1172400
