size;resolution;window_size;nanoseconds
5;1280x720;3x3;4951200
5;1280x720;5x5;2942600
5;1280x720;7x7;41214300
5;1280x720;9x9;2183100
5;1280x720;11x11;14945700
5;1280x720;13x13;44935800
5;1280x720;15x15;10022600
4;640x360;3x3;1076100
4;640x360;5x5;30619000
4;640x360;7x7;30934800
4;640x360;9x9;35287400
4;640x360;11x11;30511100
4;640x360;13x13;15656400
4;640x360;15x15;1003500
3;320x180;3x3;1349700
3;320x180;5x5;1095500
3;320x180;7x7;36550600
3;320x180;9x9;31340400
3;320x180;11x11;31310900
3;320x180;13x13;31974700
3;320x180;15x15;31879000
2;160x90;3x3;31580700
2;160x90;5x5;426500
2;160x90;7x7;1543100
2;160x90;9x9;693600
2;160x90;11x11;19007200
2;160x90;13x13;31097300
2;160x90;15x15;16287700
1;80x45;3x3;29770000
1;80x45;5x5;30625400
1;80x45;7x7;30795800
1;80x45;9x9;16458500
1;80x45;11x11;32421900
1;80x45;13x13;31356000
1;80x45;15x15;360200
5;1280x720;3x3;2403600
5;1280x720;5x5;1861900
5;1280x720;7x7;1917800
5;1280x720;9x9;2091800
5;1280x720;11x11;2006200
5;1280x720;13x13;1780700
5;1280x720;15x15;1744800
4;640x360;3x3;820300
4;640x360;5x5;800500
4;640x360;7x7;734000
4;640x360;9x9;682800
4;640x360;11x11;667700
4;640x360;13x13;679000
4;640x360;15x15;791700
3;320x180;3x3;458800
3;320x180;5x5;417500
3;320x180;7x7;531400
3;320x180;9x9;539100
3;320x180;11x11;482300
3;320x180;13x13;409000
3;320x180;15x15;381300
2;160x90;3x3;341200
2;160x90;5x5;338600
2;160x90;7x7;317000
2;160x90;9x9;321600
2;160x90;11x11;318800
2;160x90;13x13;319700
2;160x90;15x15;341800
1;80x45;3x3;351800
1;80x45;5x5;304700
1;80x45;7x7;353500
1;80x45;9x9;310600
1;80x45;11x11;387800
1;80x45;13x13;318500
1;80x45;15x15;297500
5;1280x720;3x3;33110800
5;1280x720;5x5;28232300
5;1280x720;7x7;45081500
5;1280x720;9x9;15500300
5;1280x720;11x11;29829000
5;1280x720;13x13;27950500
5;1280x720;15x15;46787300
4;640x360;3x3;15526700
4;640x360;5x5;11350600
4;640x360;7x7;31600800
4;640x360;9x9;16015500
4;640x360;11x11;837800
4;640x360;13x13;5151000
4;640x360;15x15;962300
3;320x180;3x3;990400
3;320x180;5x5;992500
3;320x180;7x7;8260900
3;320x180;9x9;551800
3;320x180;11x11;35008300
3;320x180;13x13;15570400
3;320x180;15x15;21927200
2;160x90;3x3;597000
2;160x90;5x5;39419700
2;160x90;7x7;16677800
2;160x90;9x9;635100
2;160x90;11x11;28408800
2;160x90;13x13;31382400
2;160x90;15x15;4419200
1;80x45;3x3;608100
1;80x45;5x5;628900
1;80x45;7x7;2937200
1;80x45;9x9;567800
1;80x45;11x11;464800
1;80x45;13x13;8966200
1;80x45;15x15;13375700
5;1280x720;3x3;2522200
5;1280x720;5x5;2027900
5;1280x720;7x7;1731700
5;1280x720;9x9;2065400
5;1280x720;11x11;1921700
5;1280x720;13x13;1896200
5;1280x720;15x15;2410600
4;640x360;3x3;1118400
4;640x360;5x5;749400
4;640x360;7x7;683700
4;640x360;9x9;677300
4;640x360;11x11;708100
4;640x360;13x13;694600
4;640x360;15x15;703900
3;320x180;3x3;435800
3;320x180;5x5;462500
3;320x180;7x7;475000
3;320x180;9x9;501900
3;320x180;11x11;426400
3;320x180;13x13;392200
3;320x180;15x15;477100
2;160x90;3x3;346300
2;160x90;5x5;314500
2;160x90;7x7;305000
2;160x90;9x9;410300
2;160x90;11x11;434600
2;160x90;13x13;300100
2;160x90;15x15;309000
1;80x45;3x3;300700
1;80x45;5x5;296600
1;80x45;7x7;296000
1;80x45;9x9;301600
1;80x45;11x11;299200
1;80x45;13x13;298300
1;80x45;15x15;299800
5;1280x720;3x3;46886600
5;1280x720;5x5;16436800
5;1280x720;7x7;21288400
5;1280x720;9x9;6451100
5;1280x720;11x11;24334600
5;1280x720;13x13;19514300
5;1280x720;15x15;27266200
4;640x360;3x3;31160200
4;640x360;5x5;1087500
4;640x360;7x7;31308300
4;640x360;9x9;15943600
4;640x360;11x11;11759200
4;640x360;13x13;2436400
4;640x360;15x15;837900
3;320x180;3x3;875800
3;320x180;5x5;586600
3;320x180;7x7;856100
3;320x180;9x9;963000
3;320x180;11x11;7488400
3;320x180;13x13;22402200
3;320x180;15x15;801000
2;160x90;3x3;638200
2;160x90;5x5;552600
2;160x90;7x7;464100
2;160x90;9x9;4493000
2;160x90;11x11;6833000
2;160x90;13x13;9332100
2;160x90;15x15;12100100
1;80x45;3x3;672600
1;80x45;5x5;643200
1;80x45;7x7;709400
1;80x45;9x9;536400
1;80x45;11x11;2957500
1;80x45;13x13;4578900
1;80x45;15x15;5861500
5;1280x720;3x3;2008000
5;1280x720;5x5;1877100
5;1280x720;7x7;1864600
5;1280x720;9x9;1983800
5;1280x720;11x11;43644700
5;1280x720;13x13;2710700
5;1280x720;15x15;35593500
4;640x360;3x3;1227400
4;640x360;5x5;1216300
4;640x360;7x7;37155500
4;640x360;9x9;49544000
4;640x360;11x11;21889500
4;640x360;13x13;904300
4;640x360;15x15;994000
3;320x180;3x3;831400
3;320x180;5x5;31471400
3;320x180;7x7;32124900
3;320x180;9x9;31177300
3;320x180;11x11;15648300
3;320x180;13x13;6310400
3;320x180;15x15;866100
2;160x90;3x3;460000
2;160x90;5x5;1038200
2;160x90;7x7;47515100
2;160x90;9x9;12437500
2;160x90;11x11;16572600
2;160x90;13x13;16489000
2;160x90;15x15;16669000
1;80x45;3x3;32209300
1;80x45;5x5;16376400
1;80x45;7x7;816000
1;80x45;9x9;1731700
1;80x45;11x11;763400
1;80x45;13x13;914900
1;80x45;15x15;16445700
5;1280x720;3x3;2938500
5;1280x720;5x5;2091500
5;1280x720;7x7;1871800
5;1280x720;9x9;1697300
5;1280x720;11x11;1710100
5;1280x720;13x13;1792600
5;1280x720;15x15;1758200
4;640x360;3x3;955400
4;640x360;5x5;633400
4;640x360;7x7;763900
4;640x360;9x9;822800
4;640x360;11x11;667900
4;640x360;13x13;605900
4;640x360;15x15;630000
3;320x180;3x3;401100
3;320x180;5x5;382400
3;320x180;7x7;711700
3;320x180;9x9;427700
3;320x180;11x11;400400
3;320x180;13x13;385400
3;320x180;15x15;398700
2;160x90;3x3;316600
2;160x90;5x5;317300
2;160x90;7x7;368000
2;160x90;9x9;309000
2;160x90;11x11;324000
2;160x90;13x13;316700
2;160x90;15x15;312000
1;80x45;3x3;303600
1;80x45;5x5;299800
1;80x45;7x7;358500
1;80x45;9x9;292800
1;80x45;11x11;297900
1;80x45;13x13;384400
1;80x45;15x15;384500
5;1280x720;3x3;3303900
5;1280x720;5x5;47970700
5;1280x720;7x7;18369200
5;1280x720;9x9;27619000
5;1280x720;11x11;2940600
5;1280x720;13x13;32036500
5;1280x720;15x15;32370300
4;640x360;3x3;17007600
4;640x360;5x5;17439600
4;640x360;7x7;16935700
4;640x360;9x9;15739600
4;640x360;11x11;15033300
4;640x360;13x13;1085600
4;640x360;15x15;1534400
3;320x180;3x3;761500
3;320x180;5x5;1237900
3;320x180;7x7;35335200
3;320x180;9x9;15879800
3;320x180;11x11;15360900
3;320x180;13x13;31491400
3;320x180;15x15;30556000
2;160x90;3x3;15472600
2;160x90;5x5;32043500
2;160x90;7x7;16356300
2;160x90;9x9;28159600
2;160x90;11x11;4512400
2;160x90;13x13;590100
2;160x90;15x15;544800
1;80x45;3x3;822300
1;80x45;5x5;830100
1;80x45;7x7;11323800
1;80x45;9x9;859100
1;80x45;11x11;934700
1;80x45;13x13;639200
1;80x45;15x15;21920300
5;1280x720;3x3;2148100
5;1280x720;5x5;1773200
5;1280x720;7x7;1710200
5;1280x720;9x9;1748500
5;1280x720;11x11;1690000
5;1280x720;13x13;1991500
5;1280x720;15x15;1781700
4;640x360;3x3;1060300
4;640x360;5x5;861300
4;640x360;7x7;821400
4;640x360;9x9;730500
4;640x360;11x11;642300
4;640x360;13x13;627100
4;640x360;15x15;687800
3;320x180;3x3;375300
3;320x180;5x5;371200
3;320x180;7x7;375300
3;320x180;9x9;389600
3;320x180;11x11;370900
3;320x180;13x13;372400
3;320x180;15x15;374600
2;160x90;3x3;301100
2;160x90;5x5;312300
2;160x90;7x7;408400
2;160x90;9x9;417700
2;160x90;11x11;320700
2;160x90;13x13;319400
2;160x90;15x15;318300
1;80x45;3x3;296200
1;80x45;5x5;306300
1;80x45;7x7;311100
1;80x45;9x9;304500
1;80x45;11x11;299200
1;80x45;13x13;304400
1;80x45;15x15;317400
5;1280x720;3x3;23662100
5;1280x720;5x5;4923600
5;1280x720;7x7;40782000
5;1280x720;9x9;31864700
5;1280x720;11x11;15767900
5;1280x720;13x13;32740300
5;1280x720;15x15;17105500
4;640x360;3x3;15029900
4;640x360;5x5;31471900
4;640x360;7x7;908900
4;640x360;9x9;810600
4;640x360;11x11;4880600
4;640x360;13x13;11661600
4;640x360;15x15;13674000
3;320x180;3x3;779600
3;320x180;5x5;13182500
3;320x180;7x7;16957500
3;320x180;9x9;20958200
3;320x180;11x11;748100
3;320x180;13x13;31764900
3;320x180;15x15;1574100
2;160x90;3x3;13905400
2;160x90;5x5;30427200
2;160x90;7x7;21418200
2;160x90;9x9;626800
2;160x90;11x11;413700
2;160x90;13x13;3167200
2;160x90;15x15;5763300
1;80x45;3x3;560400
1;80x45;5x5;379400
1;80x45;7x7;13206500
1;80x45;9x9;18377600
1;80x45;11x11;24483200
1;80x45;13x13;549600
1;80x45;15x15;432400
5;1280x720;3x3;2596600
5;1280x720;5x5;1937200
5;1280x720;7x7;2002000
5;1280x720;9x9;1870600
5;1280x720;11x11;1715800
5;1280x720;13x13;1803400
5;1280x720;15x15;1843900
4;640x360;3x3;831700
4;640x360;5x5;739800
4;640x360;7x7;699700
4;640x360;9x9;899800
4;640x360;11x11;872700
4;640x360;13x13;847900
4;640x360;15x15;643200
3;320x180;3x3;398200
3;320x180;5x5;357500
3;320x180;7x7;364200
3;320x180;9x9;353100
3;320x180;11x11;356900
3;320x180;13x13;640500
3;320x180;15x15;411500
2;160x90;3x3;339900
2;160x90;5x5;343300
2;160x90;7x7;344900
2;160x90;9x9;327700
2;160x90;11x11;312400
2;160x90;13x13;325300
2;160x90;15x15;322300
1;80x45;3x3;291400
1;80x45;5x5;325500
1;80x45;7x7;301500
1;80x45;9x9;302700
1;80x45;11x11;294100
1;80x45;13x13;316600
1;80x45;15x15;342700
5;1280x720;3x3;34962400
5;1280x720;5x5;2649000
5;1280x720;7x7;2426300
5;1280x720;9x9;2797500
5;1280x720;11x11;26561300
5;1280x720;13x13;15840800
5;1280x720;15x15;6330800
4;640x360;3x3;31974900
4;640x360;5x5;26242000
4;640x360;7x7;2330200
4;640x360;9x9;4941300
4;640x360;11x11;6565500
4;640x360;13x13;9911600
4;640x360;15x15;930000
3;320x180;3x3;600500
3;320x180;5x5;3725800
3;320x180;7x7;1011500
3;320x180;9x9;2223000
3;320x180;11x11;3087400
3;320x180;13x13;4676800
3;320x180;15x15;6660300
2;160x90;3x3;9321300
2;160x90;5x5;11985600
2;160x90;7x7;945300
2;160x90;9x9;1312600
2;160x90;11x11;2113600
2;160x90;13x13;3379100
2;160x90;15x15;631100
1;80x45;3x3;400400
1;80x45;5x5;5790500
1;80x45;7x7;7482500
1;80x45;9x9;546400
1;80x45;11x11;611700
1;80x45;13x13;562700
1;80x45;15x15;508300
5;1280x720;3x3;19493700
5;1280x720;5x5;1920700
5;1280x720;7x7;30062700
5;1280x720;9x9;2237100
5;1280x720;11x11;54108100
5;1280x720;13x13;2941800
5;1280x720;15x15;40504700
4;640x360;3x3;33116700
4;640x360;5x5;32107900
4;640x360;7x7;874400
4;640x360;9x9;1786400
4;640x360;11x11;1047300
4;640x360;13x13;19947200
4;640x360;15x15;32444100
3;320x180;3x3;16182100
3;320x180;5x5;16052400
3;320x180;7x7;15858300
3;320x180;9x9;30415500
3;320x180;11x11;1042800
3;320x180;13x13;1024700
3;320x180;15x15;753500
2;160x90;3x3;25846800
2;160x90;5x5;31911900
2;160x90;7x7;16618600
2;160x90;9x9;12793100
2;160x90;11x11;15056500
2;160x90;13x13;16170600
2;160x90;15x15;15235600
1;80x45;3x3;15331000
1;80x45;5x5;16273400
1;80x45;7x7;15680500
1;80x45;9x9;616400
1;80x45;11x11;1143900
1;80x45;13x13;978700
1;80x45;15x15;1010400
5;1280x720;3x3;2195500
5;1280x720;5x5;1827600
5;1280x720;7x7;1778400
5;1280x720;9x9;1834300
5;1280x720;11x11;1764400
5;1280x720;13x13;1801600
5;1280x720;15x15;2053800
4;640x360;3x3;879400
4;640x360;5x5;699400
4;640x360;7x7;633400
4;640x360;9x9;631500
4;640x360;11x11;677600
4;640x360;13x13;630100
4;640x360;15x15;620900
3;320x180;3x3;382000
3;320x180;5x5;390600
3;320x180;7x7;380000
3;320x180;9x9;382500
3;320x180;11x11;400200
3;320x180;13x13;463800
3;320x180;15x15;441400
2;160x90;3x3;362100
2;160x90;5x5;449300
2;160x90;7x7;496800
2;160x90;9x9;321700
2;160x90;11x11;360800
2;160x90;13x13;400700
2;160x90;15x15;422200
1;80x45;3x3;307100
1;80x45;5x5;301400
1;80x45;7x7;320800
1;80x45;9x9;311000
1;80x45;11x11;306100
1;80x45;13x13;331000
1;80x45;15x15;372400
5;1280x720;3x3;2863100
5;1280x720;5x5;48840400
5;1280x720;7x7;32105500
5;1280x720;9x9;29244600
5;1280x720;11x11;3463700
5;1280x720;13x13;52756400
5;1280x720;15x15;29756100
4;640x360;3x3;15980500
4;640x360;5x5;16139800
4;640x360;7x7;14994300
4;640x360;9x9;16313400
4;640x360;11x11;17446900
4;640x360;13x13;15275200
4;640x360;15x15;4675200
3;320x180;3x3;766600
3;320x180;5x5;1439700
3;320x180;7x7;1062400
3;320x180;9x9;34424400
3;320x180;11x11;16360800
3;320x180;13x13;16758400
3;320x180;15x15;15932000
2;160x90;3x3;16112300
2;160x90;5x5;16261700
2;160x90;7x7;15139900
2;160x90;9x9;15623100
2;160x90;11x11;16175500
2;160x90;13x13;16157500
2;160x90;15x15;31629800
1;80x45;3x3;871700
1;80x45;5x5;866600
1;80x45;7x7;4812100
1;80x45;9x9;573200
1;80x45;11x11;628100
1;80x45;13x13;808000
1;80x45;15x15;1352800
5;1280x720;3x3;3127900
5;1280x720;5x5;1901900
5;1280x720;7x7;1739100
5;1280x720;9x9;2062500
5;1280x720;11x11;1735700
5;1280x720;13x13;1657800
5;1280x720;15x15;1629400
4;640x360;3x3;863500
4;640x360;5x5;825800
4;640x360;7x7;713800
4;640x360;9x9;716300
4;640x360;11x11;727300
4;640x360;13x13;674600
4;640x360;15x15;624400
3;320x180;3x3;487700
3;320x180;5x5;385200
3;320x180;7x7;412600
3;320x180;9x9;367800
3;320x180;11x11;444800
3;320x180;13x13;383400
3;320x180;15x15;370900
2;160x90;3x3;314900
2;160x90;5x5;383700
2;160x90;7x7;331200
2;160x90;9x9;325800
2;160x90;11x11;328800
2;160x90;13x13;341200
2;160x90;15x15;337500
1;80x45;3x3;340500
1;80x45;5x5;416900
1;80x45;7x7;321800
1;80x45;9x9;307100
1;80x45;11x11;301500
1;80x45;13x13;361700
1;80x45;15x15;339100
5;1280x720;3x3;3569800
5;1280x720;5x5;14422400
5;1280x720;7x7;18124700
5;1280x720;9x9;32068400
5;1280x720;11x11;14269700
5;1280x720;13x13;18240200
5;1280x720;15x15;29392200
4;640x360;3x3;15687600
4;640x360;5x5;15911300
4;640x360;7x7;17747800
4;640x360;9x9;31382600
4;640x360;11x11;5253600
4;640x360;13x13;2008600
4;640x360;15x15;4943800
3;320x180;3x3;11717300
3;320x180;5x5;688900
3;320x180;7x7;5424000
3;320x180;9x9;25493200
3;320x180;11x11;1280800
3;320x180;13x13;16280200
3;320x180;15x15;27715100
2;160x90;3x3;791100
2;160x90;5x5;15993700
2;160x90;7x7;25015500
2;160x90;9x9;1249700
2;160x90;11x11;16502800
2;160x90;13x13;16453500
2;160x90;15x15;15936500
1;80x45;3x3;923700
1;80x45;5x5;735900
1;80x45;7x7;520400
1;80x45;9x9;5505500
1;80x45;11x11;9126200
1;80x45;13x13;13361300
1;80x45;15x15;18260900
5;1280x720;3x3;2641600
5;1280x720;5x5;1899900
5;1280x720;7x7;1926100
5;1280x720;9x9;1982400
5;1280x720;11x11;1926200
5;1280x720;13x13;1852600
5;1280x720;15x15;2208000
4;640x360;3x3;753000
4;640x360;5x5;773700
4;640x360;7x7;798800
4;640x360;9x9;699200
4;640x360;11x11;678600
4;640x360;13x13;810500
4;640x360;15x15;720600
3;320x180;3x3;476700
3;320x180;5x5;451000
3;320x180;7x7;480600
3;320x180;9x9;417500
3;320x180;11x11;388800
3;320x180;13x13;359500
3;320x180;15x15;361500
2;160x90;3x3;420700
2;160x90;5x5;301400
2;160x90;7x7;430000
2;160x90;9x9;516800
2;160x90;11x11;313900
2;160x90;13x13;313500
2;160x90;15x15;392000
1;80x45;3x3;1140300
1;80x45;5x5;439900
1;80x45;7x7;598600
1;80x45;9x9;672700
1;80x45;11x11;396300
1;80x45;13x13;822300
1;80x45;15x15;314700
5;1280x720;3x3;48201900
5;1280x720;5x5;6296400
5;1280x720;7x7;14011200
5;1280x720;9x9;36585800
5;1280x720;11x11;33039200
5;1280x720;13x13;47798300
5;1280x720;15x15;46380900
4;640x360;3x3;12279800
4;640x360;5x5;2721500
4;640x360;7x7;4522200
4;640x360;9x9;6416100
4;640x360;11x11;11577900
4;640x360;13x13;1170900
4;640x360;15x15;1325600
3;320x180;3x3;2282400
3;320x180;5x5;25179700
3;320x180;7x7;1210400
3;320x180;9x9;766300
3;320x180;11x11;1378600
3;320x180;13x13;1931500
3;320x180;15x15;743100
2;160x90;3x3;435300
2;160x90;5x5;1113900
2;160x90;7x7;731100
2;160x90;9x9;1027700
2;160x90;11x11;904400
2;160x90;13x13;983900
2;160x90;15x15;1237100
1;80x45;3x3;502100
1;80x45;5x5;702000
1;80x45;7x7;414200
1;80x45;9x9;514900
1;80x45;11x11;485700
1;80x45;13x13;491700
1;80x45;15x15;411200
5;1280x720;3x3;3831400
5;1280x720;5x5;7058200
5;1280x720;7x7;3008700
5;1280x720;9x9;42940700
5;1280x720;11x11;3262300
5;1280x720;13x13;46442400
5;1280x720;15x15;29836000
4;640x360;3x3;1792100
4;640x360;5x5;24593500
4;640x360;7x7;31821200
4;640x360;9x9;31018600
4;640x360;11x11;30159700
4;640x360;13x13;16165800
4;640x360;15x15;1081900
3;320x180;3x3;1454200
3;320x180;5x5;2686800
3;320x180;7x7;13675800
3;320x180;9x9;16641000
3;320x180;11x11;17279700
3;320x180;13x13;31609900
3;320x180;15x15;15800100
2;160x90;3x3;14130900
2;160x90;5x5;16505400
2;160x90;7x7;31458300
2;160x90;9x9;10139200
2;160x90;11x11;786400
2;160x90;13x13;896100
2;160x90;15x15;1078300
1;80x45;3x3;792500
1;80x45;5x5;16318700
1;80x45;7x7;16993100
1;80x45;9x9;30923900
1;80x45;11x11;31657000
1;80x45;13x13;31081800
1;80x45;15x15;30839800
5;1280x720;3x3;2308500
5;1280x720;5x5;2283900
5;1280x720;7x7;2079900
5;1280x720;9x9;1790600
5;1280x720;11x11;1846800
5;1280x720;13x13;1788800
5;1280x720;15x15;2099200
4;640x360;3x3;842000
4;640x360;5x5;658600
4;640x360;7x7;684500
4;640x360;9x9;764700
4;640x360;11x11;738600
4;640x360;13x13;666100
4;640x360;15x15;755500
3;320x180;3x3;373900
3;320x180;5x5;362800
3;320x180;7x7;387700
3;320x180;9x9;378500
3;320x180;11x11;350100
3;320x180;13x13;366400
3;320x180;15x15;359900
2;160x90;3x3;404500
2;160x90;5x5;445300
2;160x90;7x7;394600
2;160x90;9x9;383100
2;160x90;11x11;371600
2;160x90;13x13;306100
2;160x90;15x15;301200
1;80x45;3x3;282800
1;80x45;5x5;284100
1;80x45;7x7;285000
1;80x45;9x9;283800
1;80x45;11x11;290800
1;80x45;13x13;287600
1;80x45;15x15;368900
5;1280x720;3x3;48088300
5;1280x720;5x5;32825000
5;1280x720;7x7;18065600
5;1280x720;9x9;31457100
5;1280x720;11x11;36821100
5;1280x720;13x13;4344600
5;1280x720;15x15;30891700
4;640x360;3x3;30990300
4;640x360;5x5;32111500
4;640x360;7x7;15968700
4;640x360;9x9;30463800
4;640x360;11x11;31447300
4;640x360;13x13;31908500
4;640x360;15x15;16760400
3;320x180;3x3;832200
3;320x180;5x5;693100
3;320x180;7x7;4976600
3;320x180;9x9;1115100
3;320x180;11x11;1121400
3;320x180;13x13;1176600
3;320x180;15x15;18379600
2;160x90;3x3;1970100
2;160x90;5x5;12601600
2;160x90;7x7;24503200
2;160x90;9x9;22120700
2;160x90;11x11;30863200
2;160x90;13x13;1004100
2;160x90;15x15;41102100
1;80x45;3x3;31400400
1;80x45;5x5;515200
1;80x45;7x7;1681800
1;80x45;9x9;3096300
1;80x45;11x11;540000
1;80x45;13x13;1053000
1;80x45;15x15;8863900
5;1280x720;3x3;2106200
5;1280x720;5x5;1736800
5;1280x720;7x7;1925500
5;1280x720;9x9;1737000
5;1280x720;11x11;1748100
5;1280x720;13x13;1828100
5;1280x720;15x15;1737800
4;640x360;3x3;811700
4;640x360;5x5;1582700
4;640x360;7x7;742200
4;640x360;9x9;1218800
4;640x360;11x11;724400
4;640x360;13x13;709500
4;640x360;15x15;602300
3;320x180;3x3;384500
3;320x180;5x5;441500
3;320x180;7x7;358400
3;320x180;9x9;357500
3;320x180;11x11;375400
3;320x180;13x13;352000
3;320x180;15x15;533600
2;160x90;3x3;385500
2;160x90;5x5;360500
2;160x90;7x7;340100
2;160x90;9x9;329300
2;160x90;11x11;461600
2;160x90;13x13;403400
2;160x90;15x15;423500
1;80x45;3x3;463900
1;80x45;5x5;332300
1;80x45;7x7;327000
1;80x45;9x9;337900
1;80x45;11x11;292100
1;80x45;13x13;283700
1;80x45;15x15;337400
5;1280x720;3x3;32209400
5;1280x720;5x5;47192400
5;1280x720;7x7;2441000
5;1280x720;9x9;14055700
5;1280x720;11x11;2757900
5;1280x720;13x13;39443200
5;1280x720;15x15;3812100
4;640x360;3x3;30699800
4;640x360;5x5;12970800
4;640x360;7x7;17387700
4;640x360;9x9;31660400
4;640x360;11x11;19547900
4;640x360;13x13;2185900
4;640x360;15x15;3723200
3;320x180;3x3;5986000
3;320x180;5x5;9303700
3;320x180;7x7;13504000
3;320x180;9x9;18326600
3;320x180;11x11;16939200
3;320x180;13x13;1220600
3;320x180;15x15;588600
2;160x90;3x3;598400
2;160x90;5x5;673400
2;160x90;7x7;589100
2;160x90;9x9;711300
2;160x90;11x11;738800
2;160x90;13x13;573700
2;160x90;15x15;491200
1;80x45;3x3;476000
1;80x45;5x5;2219700
1;80x45;7x7;3107300
1;80x45;9x9;4645400
1;80x45;11x11;5804500
1;80x45;13x13;7588000
1;80x45;15x15;339300
5;1280x720;3x3;19694300
5;1280x720;5x5;3299300
5;1280x720;7x7;6231100
5;1280x720;9x9;51960700
5;1280x720;11x11;2512900
5;1280x720;13x13;3185800
5;1280x720;15x15;47690000
4;640x360;3x3;31047000
4;640x360;5x5;1053700
4;640x360;7x7;1332400
4;640x360;9x9;2118300
4;640x360;11x11;21802100
4;640x360;13x13;15247700
4;640x360;15x15;1873700
3;320x180;3x3;14824400
3;320x180;5x5;30050000
3;320x180;7x7;16012800
3;320x180;9x9;27445600
3;320x180;11x11;844200
3;320x180;13x13;1280300
3;320x180;15x15;1504900
2;160x90;3x3;14930200
2;160x90;5x5;16149000
2;160x90;7x7;11580500
2;160x90;9x9;31819300
2;160x90;11x11;15684500
2;160x90;13x13;32075700
2;160x90;15x15;32069600
1;80x45;3x3;802400
1;80x45;5x5;1292800
1;80x45;7x7;430900
1;80x45;9x9;1078600
1;80x45;11x11;15272600
1;80x45;13x13;31366400
1;80x45;15x15;32080300
5;1280x720;3x3;2516800
5;1280x720;5x5;1799400
5;1280x720;7x7;1737900
5;1280x720;9x9;2201800
5;1280x720;11x11;1690500
5;1280x720;13x13;1664100
5;1280x720;15x15;1623400
4;640x360;3x3;753500
4;640x360;5x5;592400
4;640x360;7x7;741100
4;640x360;9x9;668600
4;640x360;11x11;600500
4;640x360;13x13;595900
4;640x360;15x15;725300
3;320x180;3x3;444300
3;320x180;5x5;422800
3;320x180;7x7;399500
3;320x180;9x9;394500
3;320x180;11x11;383400
3;320x180;13x13;419700
3;320x180;15x15;380400
2;160x90;3x3;379400
2;160x90;5x5;394100
2;160x90;7x7;386000
2;160x90;9x9;385200
2;160x90;11x11;389000
2;160x90;13x13;389100
2;160x90;15x15;379800
1;80x45;3x3;381500
1;80x45;5x5;334600
1;80x45;7x7;373900
1;80x45;9x9;317700
1;80x45;11x11;363700
1;80x45;13x13;342900
1;80x45;15x15;302800
5;1280x720;3x3;22058700
5;1280x720;5x5;3170500
5;1280x720;7x7;47025500
5;1280x720;9x9;33171300
5;1280x720;11x11;48107300
5;1280x720;13x13;16050500
5;1280x720;15x15;27276400
4;640x360;3x3;29943900
4;640x360;5x5;31652200
4;640x360;7x7;16365500
4;640x360;9x9;16271300
4;640x360;11x11;1400600
4;640x360;13x13;14942100
4;640x360;15x15;15458600
3;320x180;3x3;31870200
3;320x180;5x5;16584600
3;320x180;7x7;12413500
3;320x180;9x9;1038700
3;320x180;11x11;730000
3;320x180;13x13;867800
3;320x180;15x15;872700
2;160x90;3x3;11155500
2;160x90;5x5;21730500
2;160x90;7x7;674900
2;160x90;9x9;12406100
2;160x90;11x11;3269100
2;160x90;13x13;11722700
2;160x90;15x15;27762200
1;80x45;3x3;19425700
1;80x45;5x5;31585200
1;80x45;7x7;768600
1;80x45;9x9;36952700
1;80x45;11x11;31256300
1;80x45;13x13;755900
1;80x45;15x15;2000800
5;1280x720;3x3;2670400
5;1280x720;5x5;2440600
5;1280x720;7x7;2681700
5;1280x720;9x9;2981400
5;1280x720;11x11;2873800
5;1280x720;13x13;2738800
5;1280x720;15x15;2921200
4;640x360;3x3;984300
4;640x360;5x5;909700
4;640x360;7x7;835600
4;640x360;9x9;865800
4;640x360;11x11;646700
4;640x360;13x13;1204100
4;640x360;15x15;668200
3;320x180;3x3;497100
3;320x180;5x5;520400
3;320x180;7x7;513800
3;320x180;9x9;675700
3;320x180;11x11;616500
3;320x180;13x13;679000
3;320x180;15x15;641500
2;160x90;3x3;574900
2;160x90;5x5;598600
2;160x90;7x7;373100
2;160x90;9x9;500300
2;160x90;11x11;501300
2;160x90;13x13;642000
2;160x90;15x15;433200
1;80x45;3x3;402000
1;80x45;5x5;464400
1;80x45;7x7;420600
1;80x45;9x9;522200
1;80x45;11x11;371300
1;80x45;13x13;393400
1;80x45;15x15;374900
5;1280x720;3x3;46431100
5;1280x720;5x5;47390900
5;1280x720;7x7;3781800
5;1280x720;9x9;13875500
5;1280x720;11x11;4003700
5;1280x720;13x13;4086800
5;1280x720;15x15;27553700
4;640x360;3x3;31556700
4;640x360;5x5;8222500
4;640x360;7x7;36633500
4;640x360;9x9;16189900
4;640x360;11x11;16388300
4;640x360;13x13;997200
4;640x360;15x15;903500
3;320x180;3x3;908900
3;320x180;5x5;6154800
3;320x180;7x7;840800
3;320x180;9x9;9161500
3;320x180;11x11;14197900
3;320x180;13x13;937800
3;320x180;15x15;13164200
2;160x90;3x3;5840600
2;160x90;5x5;22697500
2;160x90;7x7;604200
2;160x90;9x9;930800
2;160x90;11x11;2240900
2;160x90;13x13;719500
2;160x90;15x15;3203600
1;80x45;3x3;488500
1;80x45;5x5;5581700
1;80x45;7x7;1154200
1;80x45;9x9;786700
1;80x45;11x11;726300
1;80x45;13x13;800700
1;80x45;15x15;799500
5;1280x720;3x3;2958000
5;1280x720;5x5;3063500
5;1280x720;7x7;2542900
5;1280x720;9x9;2831300
5;1280x720;11x11;3705300
5;1280x720;13x13;3337000
5;1280x720;15x15;21432200
4;640x360;3x3;1755400
4;640x360;5x5;1685500
4;640x360;7x7;15954000
4;640x360;9x9;1039400
4;640x360;11x11;3105200
4;640x360;13x13;2508900
4;640x360;15x15;15937200
3;320x180;3x3;31207100
3;320x180;5x5;753900
3;320x180;7x7;1542900
3;320x180;9x9;1479200
3;320x180;11x11;22939200
3;320x180;13x13;15168900
3;320x180;15x15;32686900
2;160x90;3x3;16089100
2;160x90;5x5;463100
2;160x90;7x7;1047800
2;160x90;9x9;677900
2;160x90;11x11;477900
2;160x90;13x13;38476600
2;160x90;15x15;14767800
1;80x45;3x3;14879500
1;80x45;5x5;16500100
1;80x45;7x7;29869300
1;80x45;9x9;8345000
1;80x45;11x11;913200
1;80x45;13x13;852200
1;80x45;15x15;34214600
5;1280x720;3x3;11508900
5;1280x720;5x5;1888000
5;1280x720;7x7;3517700
5;1280x720;9x9;8375800
5;1280x720;11x11;3538400
5;1280x720;13x13;2775300
5;1280x720;15x15;2807200
4;640x360;3x3;2008000
4;640x360;5x5;1752100
4;640x360;7x7;1947000
4;640x360;9x9;1088300
4;640x360;11x11;933900
4;640x360;13x13;759100
4;640x360;15x15;914600
3;320x180;3x3;655400
3;320x180;5x5;914200
3;320x180;7x7;1067600
3;320x180;9x9;927300
3;320x180;11x11;1141300
3;320x180;13x13;1003400
3;320x180;15x15;514000
2;160x90;3x3;485300
2;160x90;5x5;491500
2;160x90;7x7;485100
2;160x90;9x9;402700
2;160x90;11x11;496100
2;160x90;13x13;391800
2;160x90;15x15;414600
1;80x45;3x3;491900
1;80x45;5x5;509900
1;80x45;7x7;526600
1;80x45;9x9;508900
1;80x45;11x11;515100
1;80x45;13x13;524000
1;80x45;15x15;526500
5;1280x720;3x3;43580200
5;1280x720;5x5;2715000
5;1280x720;7x7;2733100
5;1280x720;9x9;46748400
5;1280x720;11x11;3206600
5;1280x720;13x13;30095400
5;1280x720;15x15;32125900
4;640x360;3x3;15876100
4;640x360;5x5;31593100
4;640x360;7x7;13771200
4;640x360;9x9;1688100
4;640x360;11x11;2038300
4;640x360;13x13;42087600
4;640x360;15x15;31069400
3;320x180;3x3;32375200
3;320x180;5x5;15843400
3;320x180;7x7;16150800
3;320x180;9x9;15548800
3;320x180;11x11;31730700
3;320x180;13x13;722600
3;320x180;15x15;1343900
2;160x90;3x3;1290300
2;160x90;5x5;38439800
2;160x90;7x7;16378500
2;160x90;9x9;31246400
2;160x90;11x11;31782600
2;160x90;13x13;15902200
2;160x90;15x15;1553000
1;80x45;3x3;31206800
1;80x45;5x5;15723000
1;80x45;7x7;16399000
1;80x45;9x9;31802200
1;80x45;11x11;1405800
1;80x45;13x13;1382700
1;80x45;15x15;942900
5;1280x720;3x3;2816300
5;1280x720;5x5;1912900
5;1280x720;7x7;2082500
5;1280x720;9x9;2171300
5;1280x720;11x11;2278500
5;1280x720;13x13;2128100
5;1280x720;15x15;2220600
4;640x360;3x3;890400
4;640x360;5x5;909200
4;640x360;7x7;750700
4;640x360;9x9;1034700
4;640x360;11x11;838000
4;640x360;13x13;737500
4;640x360;15x15;794500
3;320x180;3x3;1021000
3;320x180;5x5;688500
3;320x180;7x7;491300
3;320x180;9x9;465100
3;320x180;11x11;471900
3;320x180;13x13;454100
3;320x180;15x15;597800
2;160x90;3x3;462700
2;160x90;5x5;436400
2;160x90;7x7;544600
2;160x90;9x9;486900
2;160x90;11x11;565100
2;160x90;13x13;485300
2;160x90;15x15;457100
1;80x45;3x3;432800
1;80x45;5x5;428100
1;80x45;7x7;372500
1;80x45;9x9;373900
1;80x45;11x11;420000
1;80x45;13x13;371400
1;80x45;15x15;360200
5;1280x720;3x3;30868200
5;1280x720;5x5;25697200
5;1280x720;7x7;32297100
5;1280x720;9x9;14661800
5;1280x720;11x11;18055500
5;1280x720;13x13;14719700
5;1280x720;15x15;47889800
4;640x360;3x3;14939600
4;640x360;5x5;15397800
4;640x360;7x7;15917200
4;640x360;9x9;6230300
4;640x360;11x11;856700
4;640x360;13x13;5269500
4;640x360;15x15;11794700
3;320x180;3x3;14043400
3;320x180;5x5;1131200
3;320x180;7x7;35405700
3;320x180;9x9;16085200
3;320x180;11x11;22240000
3;320x180;13x13;864000
3;320x180;15x15;23060400
2;160x90;3x3;16090000
2;160x90;5x5;3050000
2;160x90;7x7;11704400
2;160x90;9x9;16142500
2;160x90;11x11;32644900
2;160x90;13x13;690800
2;160x90;15x15;781300
1;80x45;3x3;814700
1;80x45;5x5;5779500
1;80x45;7x7;709400
1;80x45;9x9;864100
1;80x45;11x11;1972900
1;80x45;13x13;18544000
1;80x45;15x15;559000
5;1280x720;3x3;2829800
5;1280x720;5x5;1945300
5;1280x720;7x7;2062600
5;1280x720;9x9;2373600
5;1280x720;11x11;2284700
5;1280x720;13x13;2060000
5;1280x720;15x15;2161100
4;640x360;3x3;894700
4;640x360;5x5;820100
4;640x360;7x7;846100
4;640x360;9x9;820200
4;640x360;11x11;756700
4;640x360;13x13;693200
4;640x360;15x15;717500
3;320x180;3x3;555000
3;320x180;5x5;626700
3;320x180;7x7;537900
3;320x180;9x9;532000
3;320x180;11x11;519500
3;320x180;13x13;521100
3;320x180;15x15;630100
2;160x90;3x3;514500
2;160x90;5x5;498100
2;160x90;7x7;499600
2;160x90;9x9;716600
2;160x90;11x11;583100
2;160x90;13x13;479500
2;160x90;15x15;500000
1;80x45;3x3;422900
1;80x45;5x5;409800
1;80x45;7x7;405300
1;80x45;9x9;317300
1;80x45;11x11;299700
1;80x45;13x13;299300
1;80x45;15x15;311600
5;1280x720;3x3;45075200
5;1280x720;5x5;20074200
5;1280x720;7x7;3929300
5;1280x720;9x9;12704300
5;1280x720;11x11;3595800
5;1280x720;13x13;16600500
5;1280x720;15x15;45645000
4;640x360;3x3;983600
4;640x360;5x5;47083000
4;640x360;7x7;12819600
4;640x360;9x9;2276200
4;640x360;11x11;5403600
4;640x360;13x13;6653200
4;640x360;15x15;9768700
3;320x180;3x3;13098400
3;320x180;5x5;18384600
3;320x180;7x7;17175900
3;320x180;9x9;865900
3;320x180;11x11;2313900
3;320x180;13x13;549500
3;320x180;15x15;520800
2;160x90;3x3;748900
2;160x90;5x5;573400
2;160x90;7x7;9100300
2;160x90;9x9;12015300
2;160x90;11x11;888500
2;160x90;13x13;1467000
2;160x90;15x15;2144500
1;80x45;3x3;543300
1;80x45;5x5;404700
1;80x45;7x7;4466900
1;80x45;9x9;5865700
1;80x45;11x11;7577000
1;80x45;13x13;578200
1;80x45;15x15;406200
5;1280x720;3x3;15539400
5;1280x720;5x5;3053500
5;1280x720;7x7;27750600
5;1280x720;9x9;47203200
5;1280x720;11x11;3382800
5;1280x720;13x13;17125300
5;1280x720;15x15;47803300
4;640x360;3x3;14615300
4;640x360;5x5;1955300
4;640x360;7x7;1144100
4;640x360;9x9;26616700
4;640x360;11x11;31457400
4;640x360;13x13;16377500
4;640x360;15x15;31239400
3;320x180;3x3;15068200
3;320x180;5x5;10423200
3;320x180;7x7;657200
3;320x180;9x9;762500
3;320x180;11x11;1113000
3;320x180;13x13;14737300
3;320x180;15x15;14688400
2;160x90;3x3;15489500
2;160x90;5x5;15487300
2;160x90;7x7;30144600
2;160x90;9x9;27727500
2;160x90;11x11;14794800
2;160x90;13x13;1244300
2;160x90;15x15;30418500
1;80x45;3x3;715400
1;80x45;5x5;830900
1;80x45;7x7;984600
1;80x45;9x9;1271300
1;80x45;11x11;20208500
1;80x45;13x13;15101400
1;80x45;15x15;15692100
5;1280x720;3x3;2136000
5;1280x720;5x5;2350800
5;1280x720;7x7;2177800
5;1280x720;9x9;2327900
5;1280x720;11x11;2383200
5;1280x720;13x13;2198500
5;1280x720;15x15;2037500
4;640x360;3x3;1173700
4;640x360;5x5;1019900
4;640x360;7x7;724300
4;640x360;9x9;1281700
4;640x360;11x11;733800
4;640x360;13x13;716000
4;640x360;15x15;693100
3;320x180;3x3;530900
3;320x180;5x5;626100
3;320x180;7x7;592900
3;320x180;9x9;522800
3;320x180;11x11;559700
3;320x180;13x13;464400
3;320x180;15x15;464900
2;160x90;3x3;708800
2;160x90;5x5;458900
2;160x90;7x7;561200
2;160x90;9x9;533600
2;160x90;11x11;479600
2;160x90;13x13;473900
2;160x90;15x15;349400
1;80x45;3x3;312400
1;80x45;5x5;304500
1;80x45;7x7;307900
1;80x45;9x9;298300
1;80x45;11x11;296800
1;80x45;13x13;303500
1;80x45;15x15;309200
5;1280x720;3x3;48776200
5;1280x720;5x5;3110700
5;1280x720;7x7;43228100
5;1280x720;9x9;32196100
5;1280x720;11x11;30664500
5;1280x720;13x13;33177800
5;1280x720;15x15;28667800
4;640x360;3x3;1760100
4;640x360;5x5;2120400
4;640x360;7x7;1504800
4;640x360;9x9;1496900
4;640x360;11x11;31467800
4;640x360;13x13;15808100
4;640x360;15x15;16286000
3;320x180;3x3;15905400
3;320x180;5x5;16205700
3;320x180;7x7;16288200
3;320x180;9x9;16478700
3;320x180;11x11;15306800
3;320x180;13x13;15272700
3;320x180;15x15;17426900
2;160x90;3x3;30720800
2;160x90;5x5;723800
2;160x90;7x7;594000
2;160x90;9x9;1137400
2;160x90;11x11;1128200
2;160x90;13x13;21477400
2;160x90;15x15;814800
1;80x45;3x3;1477100
1;80x45;5x5;8911400
1;80x45;7x7;27961400
1;80x45;9x9;565200
1;80x45;11x11;16324200
1;80x45;13x13;3702200
1;80x45;15x15;1054200
5;1280x720;3x3;2999200
5;1280x720;5x5;2858400
5;1280x720;7x7;2368700
5;1280x720;9x9;3061700
5;1280x720;11x11;2496100
5;1280x720;13x13;3045300
5;1280x720;15x15;3357800
4;640x360;3x3;928200
4;640x360;5x5;694300
4;640x360;7x7;724600
4;640x360;9x9;662900
4;640x360;11x11;717700
4;640x360;13x13;733200
4;640x360;15x15;697300
3;320x180;3x3;483900
3;320x180;5x5;498500
3;320x180;7x7;496200
3;320x180;9x9;476100
3;320x180;11x11;521600
3;320x180;13x13;453200
3;320x180;15x15;453500
2;160x90;3x3;398500
2;160x90;5x5;417400
2;160x90;7x7;399300
2;160x90;9x9;416400
2;160x90;11x11;558200
2;160x90;13x13;425800
2;160x90;15x15;417300
1;80x45;3x3;390100
1;80x45;5x5;380000
1;80x45;7x7;441400
1;80x45;9x9;388700
1;80x45;11x11;424100
1;80x45;13x13;409300
1;80x45;15x15;328200
5;1280x720;3x3;3717400
5;1280x720;5x5;32032300
5;1280x720;7x7;16438400
5;1280x720;9x9;30797000
5;1280x720;11x11;46041600
5;1280x720;13x13;44924200
5;1280x720;15x15;3684200
4;640x360;3x3;1263500
4;640x360;5x5;1347100
4;640x360;7x7;7408300
4;640x360;9x9;23416100
4;640x360;11x11;1383400
4;640x360;13x13;32785700
4;640x360;15x15;6135100
3;320x180;3x3;40605000
3;320x180;5x5;16566000
3;320x180;7x7;616200
3;320x180;9x9;29764000
3;320x180;11x11;31743400
3;320x180;13x13;11436200
3;320x180;15x15;2015000
2;160x90;3x3;3395700
2;160x90;5x5;601000
2;160x90;7x7;853800
2;160x90;9x9;765300
2;160x90;11x11;599200
2;160x90;13x13;18351000
2;160x90;15x15;534900
1;80x45;3x3;1363200
1;80x45;5x5;509000
1;80x45;7x7;696400
1;80x45;9x9;498700
1;80x45;11x11;2871900
1;80x45;13x13;4857100
1;80x45;15x15;6755700
5;1280x720;3x3;3994100
5;1280x720;5x5;1959400
5;1280x720;7x7;2152700
5;1280x720;9x9;3519800
5;1280x720;11x11;2477400
5;1280x720;13x13;2475800
5;1280x720;15x15;4220800
4;640x360;3x3;910100
4;640x360;5x5;1666400
4;640x360;7x7;1674700
4;640x360;9x9;3260200
4;640x360;11x11;2131500
4;640x360;13x13;2191500
4;640x360;15x15;949400
3;320x180;3x3;1011800
3;320x180;5x5;1612600
3;320x180;7x7;20116600
3;320x180;9x9;677200
3;320x180;11x11;1073500
3;320x180;13x13;632000
3;320x180;15x15;627200
2;160x90;3x3;20292600
2;160x90;5x5;31745600
2;160x90;7x7;954400
2;160x90;9x9;1627800
2;160x90;11x11;684500
2;160x90;13x13;1056600
2;160x90;15x15;24905500
1;80x45;3x3;31552400
1;80x45;5x5;30787200
1;80x45;7x7;1369800
1;80x45;9x9;586100
1;80x45;11x11;988900
1;80x45;13x13;599200
1;80x45;15x15;40009000
5;1280x720;3x3;48395600
5;1280x720;5x5;3792500
5;1280x720;7x7;5828000
5;1280x720;9x9;11875400
5;1280x720;11x11;20818100
5;1280x720;13x13;2756000
5;1280x720;15x15;4550900
4;640x360;3x3;7480500
4;640x360;5x5;9958100
4;640x360;7x7;12576600
4;640x360;9x9;1115800
4;640x360;11x11;1974700
4;640x360;13x13;2527100
4;640x360;15x15;3553800
3;320x180;3x3;4316400
3;320x180;5x5;6009000
3;320x180;7x7;713000
3;320x180;9x9;639300
3;320x180;11x11;468600
3;320x180;13x13;475000
3;320x180;15x15;565400
2;160x90;3x3;589200
2;160x90;5x5;410500
2;160x90;7x7;410900
2;160x90;9x9;425500
2;160x90;11x11;436900
2;160x90;13x13;397500
2;160x90;15x15;432700
1;80x45;3x3;410000
1;80x45;5x5;428200
1;80x45;7x7;378200
1;80x45;9x9;366200
1;80x45;11x11;335000
1;80x45;13x13;340200
1;80x45;15x15;311400
5;1280x720;3x3;44995400
5;1280x720;5x5;3120000
5;1280x720;7x7;48014800
5;1280x720;9x9;3657100
5;1280x720;11x11;53058400
5;1280x720;13x13;46634800
5;1280x720;15x15;7288300
4;640x360;3x3;15530200
4;640x360;5x5;30396400
4;640x360;7x7;17202000
4;640x360;9x9;30086300
4;640x360;11x11;15302700
4;640x360;13x13;16318000
4;640x360;15x15;7834800
3;320x180;3x3;1713900
3;320x180;5x5;1977000
3;320x180;7x7;31747900
3;320x180;9x9;16369600
3;320x180;11x11;30186900
3;320x180;13x13;15566200
3;320x180;15x15;32172800
2;160x90;3x3;31682300
2;160x90;5x5;2159800
2;160x90;7x7;528000
2;160x90;9x9;452100
2;160x90;11x11;1052300
2;160x90;13x13;13469700
2;160x90;15x15;15063600
1;80x45;3x3;15877200
1;80x45;5x5;16004300
1;80x45;7x7;31562400
1;80x45;9x9;30891300
1;80x45;11x11;31032000
1;80x45;13x13;30173200
1;80x45;15x15;30894300
5;1280x720;3x3;1926600
5;1280x720;5x5;2761600
5;1280x720;7x7;1680000
5;1280x720;9x9;1644700
5;1280x720;11x11;2398200
5;1280x720;13x13;1691200
5;1280x720;15x15;1672200
4;640x360;3x3;828200
4;640x360;5x5;640000
4;640x360;7x7;656300
4;640x360;9x9;765500
4;640x360;11x11;665500
4;640x360;13x13;667500
4;640x360;15x15;697500
3;320x180;3x3;478900
3;320x180;5x5;374700
3;320x180;7x7;380800
3;320x180;9x9;358300
3;320x180;11x11;349500
3;320x180;13x13;382900
3;320x180;15x15;419600
2;160x90;3x3;300700
2;160x90;5x5;295000
2;160x90;7x7;292200
2;160x90;9x9;307000
2;160x90;11x11;453500
2;160x90;13x13;344400
2;160x90;15x15;352400
1;80x45;3x3;362400
1;80x45;5x5;301000
1;80x45;7x7;354200
1;80x45;9x9;301800
1;80x45;11x11;293100
1;80x45;13x13;291600
1;80x45;15x15;348600
5;1280x720;3x3;47614000
5;1280x720;5x5;4163100
5;1280x720;7x7;22126200
5;1280x720;9x9;3712300
5;1280x720;11x11;30511700
5;1280x720;13x13;40246300
5;1280x720;15x15;28476800
4;640x360;3x3;31515600
4;640x360;5x5;14069600
4;640x360;7x7;31309000
4;640x360;9x9;21190000
4;640x360;11x11;1344500
4;640x360;13x13;5195400
4;640x360;15x15;11907800
3;320x180;3x3;728700
3;320x180;5x5;22229600
3;320x180;7x7;816900
3;320x180;9x9;34931500
3;320x180;11x11;674100
3;320x180;13x13;30576800
3;320x180;15x15;6332100
2;160x90;3x3;825400
2;160x90;5x5;30975000
2;160x90;7x7;2597200
2;160x90;9x9;766500
2;160x90;11x11;31113600
2;160x90;13x13;30311100
2;160x90;15x15;1054000
1;80x45;3x3;1026600
1;80x45;5x5;1034400
1;80x45;7x7;5972400
1;80x45;9x9;8936500
1;80x45;11x11;13328800
1;80x45;13x13;18584100
1;80x45;15x15;557500
5;1280x720;3x3;2221400
5;1280x720;5x5;1700000
5;1280x720;7x7;1713500
5;1280x720;9x9;1782800
5;1280x720;11x11;1670700
5;1280x720;13x13;1790300
5;1280x720;15x15;1626500
4;640x360;3x3;876600
4;640x360;5x5;616100
4;640x360;7x7;634400
4;640x360;9x9;646800
4;640x360;11x11;666800
4;640x360;13x13;674300
4;640x360;15x15;674000
3;320x180;3x3;377500
3;320x180;5x5;425100
3;320x180;7x7;406900
3;320x180;9x9;382300
3;320x180;11x11;392200
3;320x180;13x13;496000
3;320x180;15x15;465500
2;160x90;3x3;363100
2;160x90;5x5;310500
2;160x90;7x7;290300
2;160x90;9x9;394600
2;160x90;11x11;458000
2;160x90;13x13;504000
2;160x90;15x15;358600
1;80x45;3x3;348100
1;80x45;5x5;319900
1;80x45;7x7;617600
1;80x45;9x9;419700
1;80x45;11x11;339300
1;80x45;13x13;342400
1;80x45;15x15;316300
5;1280x720;3x3;46469000
5;1280x720;5x5;3428600
5;1280x720;7x7;13676200
5;1280x720;9x9;38777800
5;1280x720;11x11;18598800
5;1280x720;13x13;34809700
5;1280x720;15x15;30506700
4;640x360;3x3;15572800
4;640x360;5x5;6360200
4;640x360;7x7;1667800
4;640x360;9x9;996300
4;640x360;11x11;3954800
4;640x360;13x13;1023400
4;640x360;15x15;1575800
3;320x180;3x3;10213700
3;320x180;5x5;14461700
3;320x180;7x7;19365800
3;320x180;9x9;18724100
3;320x180;11x11;1185400
3;320x180;13x13;911900
3;320x180;15x15;2325900
2;160x90;3x3;3454500
2;160x90;5x5;631800
2;160x90;7x7;687400
2;160x90;9x9;9745500
2;160x90;11x11;12108700
2;160x90;13x13;836400
2;160x90;15x15;663100
1;80x45;3x3;704700
1;80x45;5x5;2182800
1;80x45;7x7;3388100
1;80x45;9x9;4519400
1;80x45;11x11;6008600
1;80x45;13x13;7508300
1;80x45;15x15;492100
5;1280x720;3x3;20449700
5;1280x720;5x5;3210600
5;1280x720;7x7;28401500
5;1280x720;9x9;3620700
5;1280x720;11x11;29545900
5;1280x720;13x13;28508100
5;1280x720;15x15;2962100
4;640x360;3x3;31225800
4;640x360;5x5;31396900
4;640x360;7x7;21361500
4;640x360;9x9;1429000
4;640x360;11x11;1086900
4;640x360;13x13;1509000
4;640x360;15x15;31647000
3;320x180;3x3;31723800
3;320x180;5x5;16557800
3;320x180;7x7;16469200
3;320x180;9x9;31439500
3;320x180;11x11;597800
3;320x180;13x13;1539400
3;320x180;15x15;1181000
2;160x90;3x3;40554700
2;160x90;5x5;31140400
2;160x90;7x7;31348300
2;160x90;9x9;19858600
2;160x90;11x11;15820600
2;160x90;13x13;31606300
2;160x90;15x15;19276400
1;80x45;3x3;486200
1;80x45;5x5;835700
1;80x45;7x7;1368100
1;80x45;9x9;37497900
1;80x45;11x11;15644900
1;80x45;13x13;32149100
1;80x45;15x15;32227500
5;1280x720;3x3;2007400
5;1280x720;5x5;1779100
5;1280x720;7x7;1646000
5;1280x720;9x9;1632700
5;1280x720;11x11;1698500
5;1280x720;13x13;1669600
5;1280x720;15x15;1618900
4;640x360;3x3;707800
4;640x360;5x5;681400
4;640x360;7x7;640200
4;640x360;9x9;619300
4;640x360;11x11;613200
4;640x360;13x13;617400
4;640x360;15x15;601800
3;320x180;3x3;383400
3;320x180;5x5;375700
3;320x180;7x7;368200
3;320x180;9x9;376000
3;320x180;11x11;469400
3;320x180;13x13;375300
3;320x180;15x15;377100
2;160x90;3x3;353200
2;160x90;5x5;327900
2;160x90;7x7;315000
2;160x90;9x9;315400
2;160x90;11x11;309700
2;160x90;13x13;310900
2;160x90;15x15;347200
1;80x45;3x3;303200
1;80x45;5x5;294000
1;80x45;7x7;300200
1;80x45;9x9;391100
1;80x45;11x11;344500
1;80x45;13x13;408700
1;80x45;15x15;342800
5;1280x720;3x3;3652700
5;1280x720;5x5;43523400
5;1280x720;7x7;44940000
5;1280x720;9x9;31316800
5;1280x720;11x11;46074700
5;1280x720;13x13;4111400
5;1280x720;15x15;28523200
4;640x360;3x3;30221900
4;640x360;5x5;14281000
4;640x360;7x7;16110700
4;640x360;9x9;15707300
4;640x360;11x11;14270000
4;640x360;13x13;13255100
4;640x360;15x15;14027500
3;320x180;3x3;15167800
3;320x180;5x5;15528100
3;320x180;7x7;1710000
3;320x180;9x9;15604200
3;320x180;11x11;32589400
3;320x180;13x13;13931600
3;320x180;15x15;731000
2;160x90;3x3;801000
2;160x90;5x5;614500
2;160x90;7x7;11453400
2;160x90;9x9;936200
2;160x90;11x11;1280400
2;160x90;13x13;18610900
2;160x90;15x15;3127700
1;80x45;3x3;691300
1;80x45;5x5;30765700
1;80x45;7x7;504000
1;80x45;9x9;456600
1;80x45;11x11;15467800
1;80x45;13x13;25666300
1;80x45;15x15;905600
5;1280x720;3x3;1998500
5;1280x720;5x5;1643300
5;1280x720;7x7;1865000
5;1280x720;9x9;2010100
5;1280x720;11x11;1813800
5;1280x720;13x13;2517000
5;1280x720;15x15;1889500
4;640x360;3x3;773700
4;640x360;5x5;637000
4;640x360;7x7;622700
4;640x360;9x9;630400
4;640x360;11x11;618000
4;640x360;13x13;633900
4;640x360;15x15;607600
3;320x180;3x3;421300
3;320x180;5x5;396500
3;320x180;7x7;387300
3;320x180;9x9;375100
3;320x180;11x11;371200
3;320x180;13x13;366500
3;320x180;15x15;395600
2;160x90;3x3;351900
2;160x90;5x5;345300
2;160x90;7x7;447000
2;160x90;9x9;425000
2;160x90;11x11;446200
2;160x90;13x13;333100
2;160x90;15x15;856500
1;80x45;3x3;403500
1;80x45;5x5;496600
1;80x45;7x7;308600
1;80x45;9x9;291800
1;80x45;11x11;289400
1;80x45;13x13;351600
1;80x45;15x15;340400
5;1280x720;3x3;31690400
5;1280x720;5x5;44051100
5;1280x720;7x7;47121200
5;1280x720;9x9;33235700
5;1280x720;11x11;20540600
5;1280x720;13x13;8102300
5;1280x720;15x15;25237500
4;640x360;3x3;18759200
4;640x360;5x5;12505200
4;640x360;7x7;28287100
4;640x360;9x9;15660100
4;640x360;11x11;15218900
4;640x360;13x13;15271500
4;640x360;15x15;1644900
3;320x180;3x3;15704200
3;320x180;5x5;31163700
3;320x180;7x7;13172900
3;320x180;9x9;3608900
3;320x180;11x11;3447900
3;320x180;13x13;6197500
3;320x180;15x15;9516000
2;160x90;3x3;13353600
2;160x90;5x5;18104500
2;160x90;7x7;22429200
2;160x90;9x9;505100
2;160x90;11x11;478200
2;160x90;13x13;1771700
2;160x90;15x15;3196000
1;80x45;3x3;4708000
1;80x45;5x5;6779200
1;80x45;7x7;9242200
1;80x45;9x9;13120100
1;80x45;11x11;830600
1;80x45;13x13;1492700
1;80x45;15x15;2119300
5;1280x720;3x3;2152300
5;1280x720;5x5;1696100
5;1280x720;7x7;1932200
5;1280x720;9x9;1828800
5;1280x720;11x11;2991000
5;1280x720;13x13;3022200
5;1280x720;15x15;3961300
4;640x360;3x3;1581800
4;640x360;5x5;20789300
4;640x360;7x7;9348900
4;640x360;9x9;2906700
4;640x360;11x11;940300
4;640x360;13x13;30496300
4;640x360;15x15;31578500
3;320x180;3x3;1991500
3;320x180;5x5;1687600
3;320x180;7x7;998800
3;320x180;9x9;17488400
3;320x180;11x11;15329000
3;320x180;13x13;32126400
3;320x180;15x15;9934200
2;160x90;3x3;788400
2;160x90;5x5;1264200
2;160x90;7x7;1156700
2;160x90;9x9;13956100
2;160x90;11x11;16171900
2;160x90;13x13;31741400
2;160x90;15x15;31538800
1;80x45;3x3;31178400
1;80x45;5x5;612600
1;80x45;7x7;1038200
1;80x45;9x9;619000
1;80x45;11x11;688500
1;80x45;13x13;15009400
1;80x45;15x15;15408600
5;1280x720;3x3;3745000
5;1280x720;5x5;5596300
5;1280x720;7x7;8416100
5;1280x720;9x9;1923900
5;1280x720;11x11;1839800
5;1280x720;13x13;1818900
5;1280x720;15x15;1839200
4;640x360;3x3;820600
4;640x360;5x5;754200
4;640x360;7x7;673200
4;640x360;9x9;641900
4;640x360;11x11;714300
4;640x360;13x13;737600
4;640x360;15x15;599200
3;320x180;3x3;413100
3;320x180;5x5;432100
3;320x180;7x7;394400
3;320x180;9x9;387200
3;320x180;11x11;366800
3;320x180;13x13;426200
3;320x180;15x15;407200
2;160x90;3x3;304200
2;160x90;5x5;298800
2;160x90;7x7;297500
2;160x90;9x9;300900
2;160x90;11x11;306500
2;160x90;13x13;330000
2;160x90;15x15;318700
1;80x45;3x3;294200
1;80x45;5x5;297300
1;80x45;7x7;307900
1;80x45;9x9;296000
1;80x45;11x11;290700
1;80x45;13x13;285600
1;80x45;15x15;332300
5;1280x720;3x3;2860200
5;1280x720;5x5;39426200
5;1280x720;7x7;2915400
5;1280x720;9x9;48317800
5;1280x720;11x11;3096900
5;1280x720;13x13;43238400
5;1280x720;15x15;29855700
4;640x360;3x3;15664700
4;640x360;5x5;1471400
4;640x360;7x7;15620900
4;640x360;9x9;20251900
4;640x360;11x11;2460300
4;640x360;13x13;1091000
4;640x360;15x15;1293500
3;320x180;3x3;15562500
3;320x180;5x5;33183600
3;320x180;7x7;30745400
3;320x180;9x9;15911400
3;320x180;11x11;14968400
3;320x180;13x13;16107000
3;320x180;15x15;31735300
2;160x90;3x3;12480400
2;160x90;5x5;1821200
2;160x90;7x7;1882000
2;160x90;9x9;1788600
2;160x90;11x11;31234200
2;160x90;13x13;16096200
2;160x90;15x15;30371900
1;80x45;3x3;14907300
1;80x45;5x5;32018700
1;80x45;7x7;16123000
1;80x45;9x9;30854400
1;80x45;11x11;15732200
1;80x45;13x13;15443400
1;80x45;15x15;12471200
5;1280x720;3x3;3265500
5;1280x720;5x5;2969200
5;1280x720;7x7;2904300
5;1280x720;9x9;3248800
5;1280x720;11x11;2466500
5;1280x720;13x13;2732300
5;1280x720;15x15;2266300
4;640x360;3x3;974500
4;640x360;5x5;1312100
4;640x360;7x7;1028200
4;640x360;9x9;1062000
4;640x360;11x11;850200
4;640x360;13x13;807500
4;640x360;15x15;812500
3;320x180;3x3;440400
3;320x180;5x5;441300
3;320x180;7x7;440200
3;320x180;9x9;431400
3;320x180;11x11;461100
3;320x180;13x13;421100
3;320x180;15x15;621000
2;160x90;3x3;357200
2;160x90;5x5;331600
2;160x90;7x7;337600
2;160x90;9x9;406300
2;160x90;11x11;376800
2;160x90;13x13;357200
2;160x90;15x15;501600
1;80x45;3x3;354400
1;80x45;5x5;420000
1;80x45;7x7;362700
1;80x45;9x9;349700
1;80x45;11x11;361600
1;80x45;13x13;330600
1;80x45;15x15;348800
5;1280x720;3x3;36693200
5;1280x720;5x5;2524900
5;1280x720;7x7;46575900
5;1280x720;9x9;15676500
5;1280x720;11x11;28114400
5;1280x720;13x13;33047200
5;1280x720;15x15;15938300
4;640x360;3x3;16103600
4;640x360;5x5;14862400
4;640x360;7x7;14619900
4;640x360;9x9;11740600
4;640x360;11x11;900600
4;640x360;13x13;1029200
4;640x360;15x15;2067700
3;320x180;3x3;11645500
3;320x180;5x5;740300
3;320x180;7x7;1937200
3;320x180;9x9;20641700
3;320x180;11x11;2323400
3;320x180;13x13;16447400
3;320x180;15x15;1340800
2;160x90;3x3;15580100
2;160x90;5x5;1203700
2;160x90;7x7;14225500
2;160x90;9x9;16304200
2;160x90;11x11;31127800
2;160x90;13x13;20161600
2;160x90;15x15;1861900
1;80x45;3x3;3044800
1;80x45;5x5;668600
1;80x45;7x7;483700
1;80x45;9x9;8904300
1;80x45;11x11;13340300
1;80x45;13x13;18353000
1;80x45;15x15;24542900
5;1280x720;3x3;1972500
5;1280x720;5x5;1941100
5;1280x720;7x7;1707900
5;1280x720;9x9;1785500
5;1280x720;11x11;1964700
5;1280x720;13x13;1828000
5;1280x720;15x15;1776500
4;640x360;3x3;751000
4;640x360;5x5;646900
4;640x360;7x7;633400
4;640x360;9x9;757000
4;640x360;11x11;639100
4;640x360;13x13;792900
4;640x360;15x15;816600
3;320x180;3x3;493600
3;320x180;5x5;480800
3;320x180;7x7;574700
3;320x180;9x9;409600
3;320x180;11x11;368300
3;320x180;13x13;483600
3;320x180;15x15;526500
2;160x90;3x3;335900
2;160x90;5x5;321000
2;160x90;7x7;407900
2;160x90;9x9;429700
2;160x90;11x11;1243100
2;160x90;13x13;368300
2;160x90;15x15;684500
1;80x45;3x3;458100
1;80x45;5x5;542900
1;80x45;7x7;1365000
1;80x45;9x9;441700
1;80x45;11x11;553300
1;80x45;13x13;372300
1;80x45;15x15;872600
5;1280x720;3x3;48666900
5;1280x720;5x5;2247000
5;1280x720;7x7;13522700
5;1280x720;9x9;36951700
5;1280x720;11x11;10961500
5;1280x720;13x13;24004500
5;1280x720;15x15;44465600
4;640x360;3x3;3720600
4;640x360;5x5;5698000
4;640x360;7x7;9502800
4;640x360;9x9;13563700
4;640x360;11x11;12283000
4;640x360;13x13;1566900
4;640x360;15x15;3268500
3;320x180;3x3;980300
3;320x180;5x5;1892100
3;320x180;7x7;3017200
3;320x180;9x9;4798800
3;320x180;11x11;6763200
3;320x180;13x13;9001800
3;320x180;15x15;11851300
2;160x90;3x3;706000
2;160x90;5x5;1484000
2;160x90;7x7;2182000
2;160x90;9x9;3019100
2;160x90;11x11;4457800
2;160x90;13x13;5934500
2;160x90;15x15;7587200
1;80x45;3x3;300200
1;80x45;5x5;294900
1;80x45;7x7;291100
1;80x45;9x9;313400
1;80x45;11x11;468500
1;80x45;13x13;330400
1;80x45;15x15;451600
5;1280x720;3x3;2597600
5;1280x720;5x5;2651500
5;1280x720;7x7;47137700
5;1280x720;9x9;3792100
5;1280x720;11x11;32460600
5;1280x720;13x13;45773000
5;1280x720;15x15;3128300
4;640x360;3x3;36287700
4;640x360;5x5;31083600
4;640x360;7x7;32972000
4;640x360;9x9;30721800
4;640x360;11x11;17299100
4;640x360;13x13;1233100
4;640x360;15x15;1521800
3;320x180;3x3;22096500
3;320x180;5x5;15657000
3;320x180;7x7;15158500
3;320x180;9x9;15458400
3;320x180;11x11;30955700
3;320x180;13x13;18139800
3;320x180;15x15;15539100
2;160x90;3x3;30737900
2;160x90;5x5;10255600
2;160x90;7x7;1080000
2;160x90;9x9;901800
2;160x90;11x11;1154900
2;160x90;13x13;1151000
2;160x90;15x15;888800
1;80x45;3x3;30745900
1;80x45;5x5;16121400
1;80x45;7x7;34898200
1;80x45;9x9;31415400
1;80x45;11x11;15455400
1;80x45;13x13;12812700
1;80x45;15x15;30451800
5;1280x720;3x3;2687000
5;1280x720;5x5;1916000
5;1280x720;7x7;2091400
5;1280x720;9x9;2326100
5;1280x720;11x11;1815600
5;1280x720;13x13;1774000
5;1280x720;15x15;1800400
4;640x360;3x3;715700
4;640x360;5x5;636400
4;640x360;7x7;629400
4;640x360;9x9;645900
4;640x360;11x11;632300
4;640x360;13x13;661300
4;640x360;15x15;659100
3;320x180;3x3;427300
3;320x180;5x5;386100
3;320x180;7x7;384400
3;320x180;9x9;386100
3;320x180;11x11;411100
3;320x180;13x13;417000
3;320x180;15x15;382000
2;160x90;3x3;315600
2;160x90;5x5;317100
2;160x90;7x7;320500
2;160x90;9x9;315900
2;160x90;11x11;318500
2;160x90;13x13;352100
2;160x90;15x15;447800
1;80x45;3x3;338100
1;80x45;5x5;325600
1;80x45;7x7;337600
1;80x45;9x9;336700
1;80x45;11x11;309700
1;80x45;13x13;363000
1;80x45;15x15;328600
5;1280x720;3x3;44284200
5;1280x720;5x5;31320200
5;1280x720;7x7;29860400
5;1280x720;9x9;6279600
5;1280x720;11x11;4055200
5;1280x720;13x13;42050300
5;1280x720;15x15;32727800
4;640x360;3x3;17622900
4;640x360;5x5;16294900
4;640x360;7x7;30108800
4;640x360;9x9;32338000
4;640x360;11x11;30330900
4;640x360;13x13;30993300
4;640x360;15x15;17039400
3;320x180;3x3;777600
3;320x180;5x5;945800
3;320x180;7x7;5129500
3;320x180;9x9;729100
3;320x180;11x11;1032900
3;320x180;13x13;22022700
3;320x180;15x15;705700
2;160x90;3x3;24819500
2;160x90;5x5;624100
2;160x90;7x7;19866700
2;160x90;9x9;15895300
2;160x90;11x11;833800
2;160x90;13x13;27914500
2;160x90;15x15;15516500
1;80x45;3x3;1639400
1;80x45;5x5;31586100
1;80x45;7x7;31328400
1;80x45;9x9;806100
1;80x45;11x11;610600
1;80x45;13x13;4064400
1;80x45;15x15;6127100
5;1280x720;3x3;2395100
5;1280x720;5x5;2213100
5;1280x720;7x7;2382000
5;1280x720;9x9;2146700
5;1280x720;11x11;1964500
5;1280x720;13x13;2117700
5;1280x720;15x15;1925900
4;640x360;3x3;855000
4;640x360;5x5;953000
4;640x360;7x7;1508800
4;640x360;9x9;747800
4;640x360;11x11;939300
4;640x360;13x13;978600
4;640x360;15x15;792100
3;320x180;3x3;1450000
3;320x180;5x5;525300
3;320x180;7x7;518200
3;320x180;9x9;1426800
3;320x180;11x11;520900
3;320x180;13x13;567000
3;320x180;15x15;1553800
2;160x90;3x3;432000
2;160x90;5x5;1113500
2;160x90;7x7;372100
2;160x90;9x9;630100
2;160x90;11x11;419500
2;160x90;13x13;1256500
2;160x90;15x15;648600
1;80x45;3x3;618000
1;80x45;5x5;1691000
1;80x45;7x7;330300
1;80x45;9x9;1025900
1;80x45;11x11;422400
1;80x45;13x13;1476300
1;80x45;15x15;427300
5;1280x720;3x3;46642100
5;1280x720;5x5;22978700
5;1280x720;7x7;6763500
5;1280x720;9x9;2527400
5;1280x720;11x11;2858900
5;1280x720;13x13;6479600
5;1280x720;15x15;15790700
4;640x360;3x3;31156900
4;640x360;5x5;17601400
4;640x360;7x7;1705300
4;640x360;9x9;13353400
4;640x360;11x11;15586400
4;640x360;13x13;15837900
4;640x360;15x15;11287600
3;320x180;3x3;1873900
3;320x180;5x5;3636500
3;320x180;7x7;862200
3;320x180;9x9;684700
3;320x180;11x11;626200
3;320x180;13x13;692500
3;320x180;15x15;6445100
2;160x90;3x3;24004100
2;160x90;5x5;958800
2;160x90;7x7;2181000
2;160x90;9x9;3195700
2;160x90;11x11;4750100
2;160x90;13x13;6962600
2;160x90;15x15;9227500
1;80x45;3x3;11901200
1;80x45;5x5;739800
1;80x45;7x7;519900
1;80x45;9x9;1432700
1;80x45;11x11;426300
1;80x45;13x13;552200
1;80x45;15x15;3392700
5;1280x720;3x3;2770200
5;1280x720;5x5;2076300
5;1280x720;7x7;1958400
5;1280x720;9x9;3247100
5;1280x720;11x11;2785500
5;1280x720;13x13;3935200
5;1280x720;15x15;29800200
4;640x360;3x3;1983100
4;640x360;5x5;1149400
4;640x360;7x7;25052600
4;640x360;9x9;31467700
4;640x360;11x11;1893800
4;640x360;13x13;1737800
4;640x360;15x15;1201100
3;320x180;3x3;32275400
3;320x180;5x5;16391100
3;320x180;7x7;29967200
3;320x180;9x9;771000
3;320x180;11x11;1829500
3;320x180;13x13;1191200
3;320x180;15x15;23351500
2;160x90;3x3;28956400
2;160x90;5x5;2312800
2;160x90;7x7;16921200
2;160x90;9x9;30672900
2;160x90;11x11;15236800
2;160x90;13x13;15740300
2;160x90;15x15;765600
1;80x45;3x3;1528000
1;80x45;5x5;1505400
1;80x45;7x7;20208100
1;80x45;9x9;16271400
1;80x45;11x11;15848800
1;80x45;13x13;32172900
1;80x45;15x15;31763500
5;1280x720;3x3;2155800
5;1280x720;5x5;1832100
5;1280x720;7x7;1917300
5;1280x720;9x9;2036900
5;1280x720;11x11;1744200
5;1280x720;13x13;2149500
5;1280x720;15x15;1640900
4;640x360;3x3;1047500
4;640x360;5x5;758000
4;640x360;7x7;713500
4;640x360;9x9;739200
4;640x360;11x11;713100
4;640x360;13x13;669800
4;640x360;15x15;866000
3;320x180;3x3;424200
3;320x180;5x5;355300
3;320x180;7x7;416700
3;320x180;9x9;1250900
3;320x180;11x11;473600
3;320x180;13x13;360500
3;320x180;15x15;358900
2;160x90;3x3;295200
2;160x90;5x5;301800
2;160x90;7x7;300200
2;160x90;9x9;366700
2;160x90;11x11;298800
2;160x90;13x13;298400
2;160x90;15x15;372700
1;80x45;3x3;338900
1;80x45;5x5;346500
1;80x45;7x7;332100
1;80x45;9x9;406200
1;80x45;11x11;325500
1;80x45;13x13;358100
1;80x45;15x15;306900
5;1280x720;3x3;56759100
5;1280x720;5x5;46594600
5;1280x720;7x7;3552400
5;1280x720;9x9;47092000
5;1280x720;11x11;32062900
5;1280x720;13x13;16018400
5;1280x720;15x15;3303100
4;640x360;3x3;1791900
4;640x360;5x5;27141900
4;640x360;7x7;32054500
4;640x360;9x9;32580500
4;640x360;11x11;15472400
4;640x360;13x13;16043900
4;640x360;15x15;16307300
3;320x180;3x3;31336000
3;320x180;5x5;21203500
3;320x180;7x7;1911200
3;320x180;9x9;2184700
3;320x180;11x11;672000
3;320x180;13x13;17841400
3;320x180;15x15;31052500
2;160x90;3x3;14240400
2;160x90;5x5;17258200
2;160x90;7x7;15447500
2;160x90;9x9;16297900
2;160x90;11x11;30051800
2;160x90;13x13;30707300
2;160x90;15x15;16127300
1;80x45;3x3;31606300
1;80x45;5x5;16314000
1;80x45;7x7;3141900
1;80x45;9x9;462300
1;80x45;11x11;744700
1;80x45;13x13;4721400
1;80x45;15x15;681700
5;1280x720;3x3;2151200
5;1280x720;5x5;1719500
5;1280x720;7x7;1637500
5;1280x720;9x9;1600600
5;1280x720;11x11;1615800
5;1280x720;13x13;1585100
5;1280x720;15x15;1599100
4;640x360;3x3;769500
4;640x360;5x5;675200
4;640x360;7x7;576000
4;640x360;9x9;627800
4;640x360;11x11;578000
4;640x360;13x13;625900
4;640x360;15x15;583200
3;320x180;3x3;375600
3;320x180;5x5;411000
3;320x180;7x7;405800
3;320x180;9x9;390400
3;320x180;11x11;370200
3;320x180;13x13;409700
3;320x180;15x15;381200
2;160x90;3x3;320900
2;160x90;5x5;436000
2;160x90;7x7;352400
2;160x90;9x9;343600
2;160x90;11x11;338700
2;160x90;13x13;343600
2;160x90;15x15;335700
1;80x45;3x3;418300
1;80x45;5x5;348000
1;80x45;7x7;313200
1;80x45;9x9;388400
1;80x45;11x11;439300
1;80x45;13x13;345700
1;80x45;15x15;349300
5;1280x720;3x3;46562100
5;1280x720;5x5;2955200
5;1280x720;7x7;56839000
5;1280x720;9x9;48131100
5;1280x720;11x11;46059200
5;1280x720;13x13;48015100
5;1280x720;15x15;3180800
4;640x360;3x3;5301600
4;640x360;5x5;12123300
4;640x360;7x7;1044900
4;640x360;9x9;1626200
4;640x360;11x11;14185000
4;640x360;13x13;6910000
4;640x360;15x15;37472100
3;320x180;3x3;2419800
3;320x180;5x5;31988100
3;320x180;7x7;15570000
3;320x180;9x9;30862000
3;320x180;11x11;31931100
3;320x180;13x13;3876900
3;320x180;15x15;1726900
2;160x90;3x3;647000
2;160x90;5x5;457600
2;160x90;7x7;5892300
2;160x90;9x9;9057600
2;160x90;11x11;14286200
2;160x90;13x13;1413100
2;160x90;15x15;26142300
1;80x45;3x3;612600
1;80x45;5x5;747300
1;80x45;7x7;813000
1;80x45;9x9;3002000
1;80x45;11x11;4756100
1;80x45;13x13;7025800
1;80x45;15x15;8977700
5;1280x720;3x3;2651400
5;1280x720;5x5;2172800
5;1280x720;7x7;2131100
5;1280x720;9x9;2023000
5;1280x720;11x11;1958500
5;1280x720;13x13;1930900
5;1280x720;15x15;2309300
4;640x360;3x3;884100
4;640x360;5x5;803800
4;640x360;7x7;1040900
4;640x360;9x9;1287200
4;640x360;11x11;1538400
4;640x360;13x13;1201200
4;640x360;15x15;1113000
3;320x180;3x3;3490300
3;320x180;5x5;1345300
3;320x180;7x7;929300
3;320x180;9x9;884100
3;320x180;11x11;20181300
3;320x180;13x13;9202600
3;320x180;15x15;2374500
2;160x90;3x3;627800
2;160x90;5x5;975700
2;160x90;7x7;31330800
2;160x90;9x9;21701700
2;160x90;11x11;1654500
2;160x90;13x13;1344300
2;160x90;15x15;2000500
1;80x45;3x3;1367900
1;80x45;5x5;41941300
1;80x45;7x7;13173500
1;80x45;9x9;15495200
1;80x45;11x11;14522700
1;80x45;13x13;11429600
1;80x45;15x15;785400
5;1280x720;3x3;26124000
5;1280x720;5x5;11154100
5;1280x720;7x7;4063400
5;1280x720;9x9;10582100
5;1280x720;11x11;19421400
5;1280x720;13x13;2923400
5;1280x720;15x15;5775100
4;640x360;3x3;959700
4;640x360;5x5;1533900
4;640x360;7x7;1550200
4;640x360;9x9;1469800
4;640x360;11x11;1510100
4;640x360;13x13;709800
4;640x360;15x15;2699600
3;320x180;3x3;649800
3;320x180;5x5;707600
3;320x180;7x7;567500
3;320x180;9x9;665200
3;320x180;11x11;527000
3;320x180;13x13;470300
3;320x180;15x15;569400
2;160x90;3x3;770300
2;160x90;5x5;496000
2;160x90;7x7;508700
2;160x90;9x9;401900
2;160x90;11x11;509600
2;160x90;13x13;318600
2;160x90;15x15;328100
1;80x45;3x3;338700
1;80x45;5x5;339100
1;80x45;7x7;298600
1;80x45;9x9;298200
1;80x45;11x11;294800
1;80x45;13x13;296300
1;80x45;15x15;313700
5;1280x720;3x3;45028000
5;1280x720;5x5;3669900
5;1280x720;7x7;47188100
5;1280x720;9x9;4343300
5;1280x720;11x11;30933800
5;1280x720;13x13;38142200
5;1280x720;15x15;3022300
4;640x360;3x3;31180400
4;640x360;5x5;30792100
4;640x360;7x7;30589500
4;640x360;9x9;32685500
4;640x360;11x11;1693300
4;640x360;13x13;1751400
4;640x360;15x15;2148900
3;320x180;3x3;36543900
3;320x180;5x5;31260600
3;320x180;7x7;32068500
3;320x180;9x9;32051900
3;320x180;11x11;16018100
3;320x180;13x13;1644800
3;320x180;15x15;1168600
2;160x90;3x3;12305200
2;160x90;5x5;15415700
2;160x90;7x7;554700
2;160x90;9x9;1542700
2;160x90;11x11;959100
2;160x90;13x13;31381500
2;160x90;15x15;31963300
1;80x45;3x3;16323300
1;80x45;5x5;31071000
1;80x45;7x7;15753900
1;80x45;9x9;31701600
1;80x45;11x11;31947300
1;80x45;13x13;30753600
1;80x45;15x15;15107700
5;1280x720;3x3;2577800
5;1280x720;5x5;1918600
5;1280x720;7x7;1906700
5;1280x720;9x9;1835500
5;1280x720;11x11;1796900
5;1280x720;13x13;1947900
5;1280x720;15x15;1832800
4;640x360;3x3;795700
4;640x360;5x5;708300
4;640x360;7x7;671900
4;640x360;9x9;968300
4;640x360;11x11;707000
4;640x360;13x13;688500
4;640x360;15x15;879300
3;320x180;3x3;445400
3;320x180;5x5;437900
3;320x180;7x7;389400
3;320x180;9x9;461500
3;320x180;11x11;554600
3;320x180;13x13;413400
3;320x180;15x15;461700
2;160x90;3x3;325800
2;160x90;5x5;323600
2;160x90;7x7;319300
2;160x90;9x9;321500
2;160x90;11x11;357600
2;160x90;13x13;337100
2;160x90;15x15;332600
1;80x45;3x3;342500
1;80x45;5x5;345800
1;80x45;7x7;335600
1;80x45;9x9;373600
1;80x45;11x11;486400
1;80x45;13x13;427700
1;80x45;15x15;419700
5;1280x720;3x3;48057200
5;1280x720;5x5;3424600
5;1280x720;7x7;47461800
5;1280x720;9x9;46576300
5;1280x720;11x11;31469800
5;1280x720;13x13;45018400
5;1280x720;15x15;47990900
4;640x360;3x3;8467400
4;640x360;5x5;2621300
4;640x360;7x7;2378800
4;640x360;9x9;12486500
4;640x360;11x11;22050700
4;640x360;13x13;1005600
4;640x360;15x15;19855800
3;320x180;3x3;821400
3;320x180;5x5;38774700
3;320x180;7x7;3299500
3;320x180;9x9;15537200
3;320x180;11x11;30879000
3;320x180;13x13;1082300
3;320x180;15x15;39705600
2;160x90;3x3;30997000
2;160x90;5x5;902300
2;160x90;7x7;933700
2;160x90;9x9;633100
2;160x90;11x11;5781300
2;160x90;13x13;9108900
2;160x90;15x15;829700
1;80x45;3x3;3035400
1;80x45;5x5;12006000
1;80x45;7x7;902700
1;80x45;9x9;24029400
1;80x45;11x11;688800
1;80x45;13x13;834700
1;80x45;15x15;1967700
5;1280x720;3x3;2290700
5;1280x720;5x5;1784100
5;1280x720;7x7;1926300
5;1280x720;9x9;1736600
5;1280x720;11x11;2428800
5;1280x720;13x13;1959400
5;1280x720;15x15;1683000
4;640x360;3x3;819800
4;640x360;5x5;641800
4;640x360;7x7;650400
4;640x360;9x9;633400
4;640x360;11x11;619100
4;640x360;13x13;617800
4;640x360;15x15;653200
3;320x180;3x3;514200
3;320x180;5x5;394100
3;320x180;7x7;379600
3;320x180;9x9;381100
3;320x180;11x11;398700
3;320x180;13x13;393900
3;320x180;15x15;486800
2;160x90;3x3;369800
2;160x90;5x5;325100
2;160x90;7x7;314200
2;160x90;9x9;362200
2;160x90;11x11;344500
2;160x90;13x13;323900
2;160x90;15x15;308700
1;80x45;3x3;393700
1;80x45;5x5;547000
1;80x45;7x7;350700
1;80x45;9x9;530200
1;80x45;11x11;1456500
1;80x45;13x13;474200
1;80x45;15x15;653000
5;1280x720;3x3;47554700
5;1280x720;5x5;2568800
5;1280x720;7x7;13215000
5;1280x720;9x9;37150600
5;1280x720;11x11;18341900
5;1280x720;13x13;31840600
5;1280x720;15x15;48567400
4;640x360;3x3;1141300
4;640x360;5x5;876900
4;640x360;7x7;1158000
4;640x360;9x9;806100
4;640x360;11x11;1084100
4;640x360;13x13;1437100
4;640x360;15x15;5185200
3;320x180;3x3;24136400
3;320x180;5x5;987500
3;320x180;7x7;1014300
3;320x180;9x9;1737000
3;320x180;11x11;3268300
3;320x180;13x13;4757600
3;320x180;15x15;6894000
2;160x90;3x3;525300
2;160x90;5x5;507900
2;160x90;7x7;11621800
2;160x90;9x9;936500
2;160x90;11x11;772300
2;160x90;13x13;560700
2;160x90;15x15;450800
1;80x45;3x3;501400
1;80x45;5x5;475700
1;80x45;7x7;878200
1;80x45;9x9;605000
1;80x45;11x11;446900
1;80x45;13x13;320200
1;80x45;15x15;322500
5;1280x720;3x3;3947500
5;1280x720;5x5;43387900
5;1280x720;7x7;2177800
5;1280x720;9x9;27347300
5;1280x720;11x11;2827700
5;1280x720;13x13;32138400
5;1280x720;15x15;38930300
4;640x360;3x3;1916500
4;640x360;5x5;1535800
4;640x360;7x7;30161600
4;640x360;9x9;31093900
4;640x360;11x11;13722800
4;640x360;13x13;31344700
4;640x360;15x15;25152300
3;320x180;3x3;2553800
3;320x180;5x5;889000
3;320x180;7x7;579300
3;320x180;9x9;787400
3;320x180;11x11;41542800
3;320x180;13x13;31202300
3;320x180;15x15;31145300
2;160x90;3x3;31487600
2;160x90;5x5;30747800
2;160x90;7x7;31553900
2;160x90;9x9;1095700
2;160x90;11x11;818800
2;160x90;13x13;863100
2;160x90;15x15;14075100
1;80x45;3x3;30720100
1;80x45;5x5;30871300
1;80x45;7x7;31702300
1;80x45;9x9;27082400
1;80x45;11x11;18910100
1;80x45;13x13;31073500
1;80x45;15x15;31697800
5;1280x720;3x3;2003800
5;1280x720;5x5;1669500
5;1280x720;7x7;1659300
5;1280x720;9x9;1817300
5;1280x720;11x11;1637300
5;1280x720;13x13;1928900
5;1280x720;15x15;1756800
4;640x360;3x3;798600
4;640x360;5x5;655200
4;640x360;7x7;647700
4;640x360;9x9;615700
4;640x360;11x11;635000
4;640x360;13x13;621000
4;640x360;15x15;602300
3;320x180;3x3;368400
3;320x180;5x5;370700
3;320x180;7x7;366200
3;320x180;9x9;367000
3;320x180;11x11;360100
3;320x180;13x13;372000
3;320x180;15x15;433900
2;160x90;3x3;311100
2;160x90;5x5;346100
2;160x90;7x7;324300
2;160x90;9x9;312900
2;160x90;11x11;303100
2;160x90;13x13;307200
2;160x90;15x15;325300
1;80x45;3x3;540500
1;80x45;5x5;502100
1;80x45;7x7;305500
1;80x45;9x9;300900
1;80x45;11x11;305400
1;80x45;13x13;333700
1;80x45;15x15;299400
5;1280x720;3x3;47397000
5;1280x720;5x5;17675200
5;1280x720;7x7;26265100
5;1280x720;9x9;30155500
5;1280x720;11x11;31089200
5;1280x720;13x13;47374400
5;1280x720;15x15;48013500
4;640x360;3x3;16067500
4;640x360;5x5;24275700
4;640x360;7x7;2300600
4;640x360;9x9;854200
4;640x360;11x11;11755100
4;640x360;13x13;22747700
4;640x360;15x15;35662800
3;320x180;3x3;17883600
3;320x180;5x5;21020300
3;320x180;7x7;24305100
3;320x180;9x9;30625000
3;320x180;11x11;1028600
3;320x180;13x13;12826500
3;320x180;15x15;15899000
2;160x90;3x3;16547300
2;160x90;5x5;25680400
2;160x90;7x7;1993000
2;160x90;9x9;593900
2;160x90;11x11;623900
2;160x90;13x13;6287200
2;160x90;15x15;9272500
1;80x45;3x3;13419300
1;80x45;5x5;18944400
1;80x45;7x7;718500
1;80x45;9x9;3871300
1;80x45;11x11;2713600
1;80x45;13x13;721400
1;80x45;15x15;538500
5;1280x720;3x3;2605900
5;1280x720;5x5;2386800
5;1280x720;7x7;2680400
5;1280x720;9x9;2398500
5;1280x720;11x11;3838400
5;1280x720;13x13;2873900
5;1280x720;15x15;2346700
4;640x360;3x3;962400
4;640x360;5x5;704500
4;640x360;7x7;1707000
4;640x360;9x9;944100
4;640x360;11x11;899200
4;640x360;13x13;818800
4;640x360;15x15;714700
3;320x180;3x3;1239400
3;320x180;5x5;1016400
3;320x180;7x7;1060200
3;320x180;9x9;831300
3;320x180;11x11;732800
3;320x180;13x13;16563500
3;320x180;15x15;577200
2;160x90;3x3;1319500
2;160x90;5x5;954900
2;160x90;7x7;974600
2;160x90;9x9;24648800
2;160x90;11x11;1231000
2;160x90;13x13;681500
2;160x90;15x15;490400
1;80x45;3x3;31394100
1;80x45;5x5;31518600
1;80x45;7x7;984400
1;80x45;9x9;1363500
1;80x45;11x11;762800
1;80x45;13x13;955700
1;80x45;15x15;30955200
5;1280x720;3x3;56013400
5;1280x720;5x5;14573500
5;1280x720;7x7;47127200
5;1280x720;9x9;3934500
5;1280x720;11x11;7868600
5;1280x720;13x13;15769100
5;1280x720;15x15;26839100
4;640x360;3x3;2569800
4;640x360;5x5;4659800
4;640x360;7x7;5032100
4;640x360;9x9;7354000
4;640x360;11x11;9816700
4;640x360;13x13;12352200
4;640x360;15x15;1355700
3;320x180;3x3;773500
3;320x180;5x5;816100
3;320x180;7x7;2605900
3;320x180;9x9;3432100
3;320x180;11x11;4592200
3;320x180;13x13;6140100
3;320x180;15x15;7703500
2;160x90;3x3;533100
2;160x90;5x5;669000
2;160x90;7x7;542400
2;160x90;9x9;488900
2;160x90;11x11;526500
2;160x90;13x13;552100
2;160x90;15x15;437400
1;80x45;3x3;415700
1;80x45;5x5;598900
1;80x45;7x7;647800
1;80x45;9x9;720500
1;80x45;11x11;634100
1;80x45;13x13;571700
1;80x45;15x15;393100
5;1280x720;3x3;3646800
5;1280x720;5x5;27642900
5;1280x720;7x7;14242300
5;1280x720;9x9;27090800
5;1280x720;11x11;3794100
5;1280x720;13x13;39953300
5;1280x720;15x15;46095700
4;640x360;3x3;3010000
4;640x360;5x5;1653700
4;640x360;7x7;1565300
4;640x360;9x9;17186200
4;640x360;11x11;31034800
4;640x360;13x13;31912700
4;640x360;15x15;31048900
3;320x180;3x3;16156900
3;320x180;5x5;1132600
3;320x180;7x7;2135300
3;320x180;9x9;1732600
3;320x180;11x11;42138000
3;320x180;13x13;31100100
3;320x180;15x15;31879200
2;160x90;3x3;32188100
2;160x90;5x5;31551600
2;160x90;7x7;30376700
2;160x90;9x9;739500
2;160x90;11x11;464000
2;160x90;13x13;932600
2;160x90;15x15;15661400
1;80x45;3x3;31328300
1;80x45;5x5;15862600
1;80x45;7x7;15856800
1;80x45;9x9;31653600
1;80x45;11x11;32039100
1;80x45;13x13;31517400
1;80x45;15x15;30965100
5;1280x720;3x3;2092400
5;1280x720;5x5;1720000
5;1280x720;7x7;2222300
5;1280x720;9x9;1815100
5;1280x720;11x11;2063300
5;1280x720;13x13;2004100
5;1280x720;15x15;2042100
4;640x360;3x3;754700
4;640x360;5x5;640500
4;640x360;7x7;629800
4;640x360;9x9;627600
4;640x360;11x11;591900
4;640x360;13x13;877400
4;640x360;15x15;766500
3;320x180;3x3;437000
3;320x180;5x5;447800
3;320x180;7x7;410300
3;320x180;9x9;380600
3;320x180;11x11;576000
3;320x180;13x13;378100
3;320x180;15x15;408200
2;160x90;3x3;1235900
2;160x90;5x5;446700
2;160x90;7x7;696100
2;160x90;9x9;457400
2;160x90;11x11;1190700
2;160x90;13x13;404500
2;160x90;15x15;469200
1;80x45;3x3;574600
1;80x45;5x5;1152000
1;80x45;7x7;370600
1;80x45;9x9;1284000
1;80x45;11x11;694400
1;80x45;13x13;458300
1;80x45;15x15;433600
5;1280x720;3x3;47711000
5;1280x720;5x5;7951400
5;1280x720;7x7;16260600
5;1280x720;9x9;47174800
5;1280x720;11x11;32829000
5;1280x720;13x13;31771100
5;1280x720;15x15;32410100
4;640x360;3x3;31295700
4;640x360;5x5;28579300
4;640x360;7x7;1463000
4;640x360;9x9;5221500
4;640x360;11x11;11917100
4;640x360;13x13;1016400
4;640x360;15x15;11629800
3;320x180;3x3;1523800
3;320x180;5x5;19869100
3;320x180;7x7;41419300
3;320x180;9x9;738000
3;320x180;11x11;19212200
3;320x180;13x13;30844000
3;320x180;15x15;1029200
2;160x90;3x3;30319900
2;160x90;5x5;13758700
2;160x90;7x7;783800
2;160x90;9x9;1032200
2;160x90;11x11;666600
2;160x90;13x13;5741700
2;160x90;15x15;9391500
1;80x45;3x3;13307100
1;80x45;5x5;647100
1;80x45;7x7;1339800
1;80x45;9x9;24360400
1;80x45;11x11;954400
1;80x45;13x13;819500
1;80x45;15x15;980400
5;1280x720;3x3;4033600
5;1280x720;5x5;3245800
5;1280x720;7x7;3430600
5;1280x720;9x9;3938900
5;1280x720;11x11;2979000
5;1280x720;13x13;3543900
5;1280x720;15x15;3987400
4;640x360;3x3;1270400
4;640x360;5x5;1229000
4;640x360;7x7;1562900
4;640x360;9x9;1540400
4;640x360;11x11;1351500
4;640x360;13x13;1438000
4;640x360;15x15;1943500
3;320x180;3x3;931200
3;320x180;5x5;1259600
3;320x180;7x7;789900
3;320x180;9x9;962400
3;320x180;11x11;26919700
3;320x180;13x13;810500
3;320x180;15x15;1205300
2;160x90;3x3;851200
2;160x90;5x5;902300
2;160x90;7x7;30942900
2;160x90;9x9;23074500
2;160x90;11x11;682500
2;160x90;13x13;869600
2;160x90;15x15;923800
1;80x45;3x3;33094600
1;80x45;5x5;30940700
1;80x45;7x7;30471500
1;80x45;9x9;812600
1;80x45;11x11;889800
1;80x45;13x13;546700
1;80x45;15x15;831400
5;1280x720;3x3;47478600
5;1280x720;5x5;4518700
5;1280x720;7x7;4792500
5;1280x720;9x9;11706400
5;1280x720;11x11;20993700
5;1280x720;13x13;2873700
5;1280x720;15x15;4412600
4;640x360;3x3;4255900
4;640x360;5x5;5131700
4;640x360;7x7;975600
4;640x360;9x9;1502900
4;640x360;11x11;2135300
4;640x360;13x13;874700
4;640x360;15x15;1294900
3;320x180;3x3;588900
3;320x180;5x5;2456200
3;320x180;7x7;3827000
3;320x180;9x9;4972000
3;320x180;11x11;6524000
3;320x180;13x13;7960800
3;320x180;15x15;637400
2;160x90;3x3;658200
2;160x90;5x5;443200
2;160x90;7x7;586600
2;160x90;9x9;592800
2;160x90;11x11;535300
2;160x90;13x13;466600
2;160x90;15x15;570800
1;80x45;3x3;592000
1;80x45;5x5;344800
1;80x45;7x7;462300
1;80x45;9x9;461800
1;80x45;11x11;444000
1;80x45;13x13;477300
1;80x45;15x15;524500
5;1280x720;3x3;4447000
5;1280x720;5x5;11093100
5;1280x720;7x7;30501200
5;1280x720;9x9;14340200
5;1280x720;11x11;46107000
5;1280x720;13x13;22128500
5;1280x720;15x15;16451000
4;640x360;3x3;31491400
4;640x360;5x5;31415200
4;640x360;7x7;17094500
4;640x360;9x9;31563000
4;640x360;11x11;8902400
4;640x360;13x13;2371400
4;640x360;15x15;1787800
3;320x180;3x3;31523500
3;320x180;5x5;30591600
3;320x180;7x7;32238700
3;320x180;9x9;30800700
3;320x180;11x11;32041000
3;320x180;13x13;28383300
3;320x180;15x15;645300
2;160x90;3x3;633600
2;160x90;5x5;604000
2;160x90;7x7;30125700
2;160x90;9x9;16207900
2;160x90;11x11;31164700
2;160x90;13x13;30182400
2;160x90;15x15;46414000
1;80x45;3x3;16019000
1;80x45;5x5;31505200
1;80x45;7x7;30501300
1;80x45;9x9;3209200
1;80x45;11x11;791800
1;80x45;13x13;885500
1;80x45;15x15;1217600
5;1280x720;3x3;2854800
5;1280x720;5x5;2289700
5;1280x720;7x7;2342500
5;1280x720;9x9;2161400
5;1280x720;11x11;2194500
5;1280x720;13x13;2527100
5;1280x720;15x15;2273500
4;640x360;3x3;832900
4;640x360;5x5;750200
4;640x360;7x7;1057700
4;640x360;9x9;793300
4;640x360;11x11;730700
4;640x360;13x13;885500
4;640x360;15x15;1432800
3;320x180;3x3;488900
3;320x180;5x5;678400
3;320x180;7x7;498500
3;320x180;9x9;503100
3;320x180;11x11;478300
3;320x180;13x13;499600
3;320x180;15x15;522400
2;160x90;3x3;437500
2;160x90;5x5;450400
2;160x90;7x7;419500
2;160x90;9x9;434000
2;160x90;11x11;440200
2;160x90;13x13;512600
2;160x90;15x15;440200
1;80x45;3x3;479500
1;80x45;5x5;410200
1;80x45;7x7;375200
1;80x45;9x9;295400
1;80x45;11x11;297600
1;80x45;13x13;298000
1;80x45;15x15;310000
5;1280x720;3x3;12192300
5;1280x720;5x5;45176100
5;1280x720;7x7;46582900
5;1280x720;9x9;29521600
5;1280x720;11x11;16347300
5;1280x720;13x13;47826300
5;1280x720;15x15;14446700
4;640x360;3x3;5886500
4;640x360;5x5;12113700
4;640x360;7x7;1139200
4;640x360;9x9;967100
4;640x360;11x11;19806400
4;640x360;13x13;26114100
4;640x360;15x15;13599400
3;320x180;3x3;16799400
3;320x180;5x5;15299700
3;320x180;7x7;11359900
3;320x180;9x9;936400
3;320x180;11x11;16360800
3;320x180;13x13;16638900
3;320x180;15x15;15288400
2;160x90;3x3;839900
2;160x90;5x5;606700
2;160x90;7x7;783400
2;160x90;9x9;733700
2;160x90;11x11;9858800
2;160x90;13x13;13587900
2;160x90;15x15;18330700
1;80x45;3x3;24635400
1;80x45;5x5;933500
1;80x45;7x7;566400
1;80x45;9x9;516600
1;80x45;11x11;3285700
1;80x45;13x13;567400
1;80x45;15x15;561600
5;1280x720;3x3;3298100
5;1280x720;5x5;2348900
5;1280x720;7x7;2477400
5;1280x720;9x9;2256100
5;1280x720;11x11;2196600
5;1280x720;13x13;2007400
5;1280x720;15x15;2262300
4;640x360;3x3;838300
4;640x360;5x5;826300
4;640x360;7x7;770900
4;640x360;9x9;964100
4;640x360;11x11;802600
4;640x360;13x13;774300
4;640x360;15x15;752400
3;320x180;3x3;754600
3;320x180;5x5;568200
3;320x180;7x7;1167700
3;320x180;9x9;616900
3;320x180;11x11;529000
3;320x180;13x13;934900
3;320x180;15x15;796100
2;160x90;3x3;851900
2;160x90;5x5;592900
2;160x90;7x7;1561200
2;160x90;9x9;839200
2;160x90;11x11;925800
2;160x90;13x13;26519300
2;160x90;15x15;630700
1;80x45;3x3;944400
1;80x45;5x5;732400
1;80x45;7x7;677400
1;80x45;9x9;31417900
1;80x45;11x11;21675600
1;80x45;13x13;705500
1;80x45;15x15;606600
5;1280x720;3x3;54345100
5;1280x720;5x5;42800700
5;1280x720;7x7;47735000
5;1280x720;9x9;4045000
5;1280x720;11x11;8220200
5;1280x720;13x13;15305600
5;1280x720;15x15;27931300
4;640x360;3x3;2377900
4;640x360;5x5;1187500
4;640x360;7x7;3798500
4;640x360;9x9;969000
4;640x360;11x11;1218800
4;640x360;13x13;9988600
4;640x360;15x15;13060700
3;320x180;3x3;1184600
3;320x180;5x5;1756000
3;320x180;7x7;2387700
3;320x180;9x9;3122100
3;320x180;11x11;4753700
3;320x180;13x13;6135800
3;320x180;15x15;7650300
2;160x90;3x3;646200
2;160x90;5x5;497700
2;160x90;7x7;514800
2;160x90;9x9;463200
2;160x90;11x11;475500
2;160x90;13x13;641000
2;160x90;15x15;566600
1;80x45;3x3;547900
1;80x45;5x5;520100
1;80x45;7x7;497300
1;80x45;9x9;435600
1;80x45;11x11;497700
1;80x45;13x13;443000
1;80x45;15x15;412100
5;1280x720;3x3;24594400
5;1280x720;5x5;2611100
5;1280x720;7x7;3916800
5;1280x720;9x9;46791500
5;1280x720;11x11;4772300
5;1280x720;13x13;57483900
5;1280x720;15x15;48499800
4;640x360;3x3;1427500
4;640x360;5x5;2464900
4;640x360;7x7;34262300
4;640x360;9x9;31456900
4;640x360;11x11;29744300
4;640x360;13x13;16413300
4;640x360;15x15;16397800
3;320x180;3x3;1755000
3;320x180;5x5;2672500
3;320x180;7x7;1245300
3;320x180;9x9;39750000
3;320x180;11x11;31525000
3;320x180;13x13;31444400
3;320x180;15x15;30841300
2;160x90;3x3;15452400
2;160x90;5x5;31686000
2;160x90;7x7;3840800
2;160x90;9x9;707800
2;160x90;11x11;1050600
2;160x90;13x13;1298800
2;160x90;15x15;36999300
1;80x45;3x3;31344300
1;80x45;5x5;16908100
1;80x45;7x7;15989100
1;80x45;9x9;16601800
1;80x45;11x11;30950700
1;80x45;13x13;32032600
1;80x45;15x15;30650200
5;1280x720;3x3;2461000
5;1280x720;5x5;1802000
5;1280x720;7x7;1746000
5;1280x720;9x9;1807700
5;1280x720;11x11;1801800
5;1280x720;13x13;1901200
5;1280x720;15x15;1703500
4;640x360;3x3;715700
4;640x360;5x5;732500
4;640x360;7x7;724500
4;640x360;9x9;729200
4;640x360;11x11;1066600
4;640x360;13x13;690600
4;640x360;15x15;682300
3;320x180;3x3;461700
3;320x180;5x5;458300
3;320x180;7x7;377700
3;320x180;9x9;421400
3;320x180;11x11;377400
3;320x180;13x13;362000
3;320x180;15x15;392700
2;160x90;3x3;303200
2;160x90;5x5;298100
2;160x90;7x7;312100
2;160x90;9x9;294900
2;160x90;11x11;364700
2;160x90;13x13;309400
2;160x90;15x15;296100
1;80x45;3x3;300200
1;80x45;5x5;284600
1;80x45;7x7;431600
1;80x45;9x9;421000
1;80x45;11x11;549500
1;80x45;13x13;691700
1;80x45;15x15;1385100
5;1280x720;3x3;47328300
5;1280x720;5x5;10111800
5;1280x720;7x7;16215200
5;1280x720;9x9;46370300
5;1280x720;11x11;31773200
5;1280x720;13x13;16897300
5;1280x720;15x15;29710100
4;640x360;3x3;15969900
4;640x360;5x5;31620700
4;640x360;7x7;31781300
4;640x360;9x9;1142700
4;640x360;11x11;965500
4;640x360;13x13;834600
4;640x360;15x15;1045100
3;320x180;3x3;21840500
3;320x180;5x5;985300
3;320x180;7x7;13211700
3;320x180;9x9;623800
3;320x180;11x11;16238800
3;320x180;13x13;16234900
3;320x180;15x15;1091500
2;160x90;3x3;38911200
2;160x90;5x5;16111100
2;160x90;7x7;994600
2;160x90;9x9;26074400
2;160x90;11x11;31099900
2;160x90;13x13;9612800
2;160x90;15x15;691500
1;80x45;3x3;642900
1;80x45;5x5;1066400
1;80x45;7x7;5825500
1;80x45;9x9;639300
1;80x45;11x11;491100
1;80x45;13x13;640100
1;80x45;15x15;14528500
5;1280x720;3x3;2574600
5;1280x720;5x5;3146900
5;1280x720;7x7;3102100
5;1280x720;9x9;2129800
5;1280x720;11x11;1858600
5;1280x720;13x13;2412600
5;1280x720;15x15;2032400
4;640x360;3x3;1445800
4;640x360;5x5;892300
4;640x360;7x7;1911400
4;640x360;9x9;2593800
4;640x360;11x11;1925600
4;640x360;13x13;1596700
4;640x360;15x15;1684900
3;320x180;3x3;1511200
3;320x180;5x5;583000
3;320x180;7x7;707900
3;320x180;9x9;1231200
3;320x180;11x11;703800
3;320x180;13x13;609200
3;320x180;15x15;1536400
2;160x90;3x3;522900
2;160x90;5x5;1135400
2;160x90;7x7;520900
2;160x90;9x9;1378900
2;160x90;11x11;503700
2;160x90;13x13;1094800
2;160x90;15x15;513000
1;80x45;3x3;1617100
1;80x45;5x5;384000
1;80x45;7x7;462500
1;80x45;9x9;547500
1;80x45;11x11;770600
1;80x45;13x13;1084000
1;80x45;15x15;644000
5;1280x720;3x3;31300100
5;1280x720;5x5;14774500
5;1280x720;7x7;3683300
5;1280x720;9x9;17563400
5;1280x720;11x11;18286200
5;1280x720;13x13;19880800
5;1280x720;15x15;45540900
4;640x360;3x3;1366200
4;640x360;5x5;907500
4;640x360;7x7;1195400
4;640x360;9x9;888300
4;640x360;11x11;1589600
4;640x360;13x13;1191400
4;640x360;15x15;2264800
3;320x180;3x3;8335200
3;320x180;5x5;1384200
3;320x180;7x7;1185800
3;320x180;9x9;2507200
3;320x180;11x11;3000600
3;320x180;13x13;5283600
3;320x180;15x15;7100400
2;160x90;3x3;9253800
2;160x90;5x5;12003000
2;160x90;7x7;1222800
2;160x90;9x9;674000
2;160x90;11x11;693200
2;160x90;13x13;697500
2;160x90;15x15;843400
1;80x45;3x3;857200
1;80x45;5x5;774500
1;80x45;7x7;654000
1;80x45;9x9;561100
1;80x45;11x11;668100
1;80x45;13x13;645700
1;80x45;15x15;594100
5;1280x720;3x3;3088000
5;1280x720;5x5;3612700
5;1280x720;7x7;41064300
5;1280x720;9x9;2860300
5;1280x720;11x11;28495300
5;1280x720;13x13;46201400
5;1280x720;15x15;2762500
4;640x360;3x3;1392700
4;640x360;5x5;31155400
4;640x360;7x7;30750200
4;640x360;9x9;30674100
4;640x360;11x11;29849700
4;640x360;13x13;1178700
4;640x360;15x15;869700
3;320x180;3x3;967800
3;320x180;5x5;30845000
3;320x180;7x7;31845500
3;320x180;9x9;30897900
3;320x180;11x11;30498000
3;320x180;13x13;30681000
3;320x180;15x15;30495000
2;160x90;3x3;633400
2;160x90;5x5;1587400
2;160x90;7x7;454000
2;160x90;9x9;807200
2;160x90;11x11;31919200
2;160x90;13x13;30580500
2;160x90;15x15;31634400
1;80x45;3x3;15253800
1;80x45;5x5;31806000
1;80x45;7x7;29722700
1;80x45;9x9;16261800
1;80x45;11x11;31231300
1;80x45;13x13;17107600
1;80x45;15x15;388600
5;1280x720;3x3;2323800
5;1280x720;5x5;1787400
5;1280x720;7x7;1677000
5;1280x720;9x9;2079300
5;1280x720;11x11;1705900
5;1280x720;13x13;1919900
5;1280x720;15x15;1824300
4;640x360;3x3;967400
4;640x360;5x5;653500
4;640x360;7x7;646500
4;640x360;9x9;635700
4;640x360;11x11;691100
4;640x360;13x13;643100
4;640x360;15x15;626800
3;320x180;3x3;408300
3;320x180;5x5;431100
3;320x180;7x7;426200
3;320x180;9x9;527500
3;320x180;11x11;443200
3;320x180;13x13;391100
3;320x180;15x15;424400
2;160x90;3x3;504600
2;160x90;5x5;377600
2;160x90;7x7;364200
2;160x90;9x9;408700
2;160x90;11x11;381400
2;160x90;13x13;520000
2;160x90;15x15;437300
1;80x45;3x3;347600
1;80x45;5x5;364100
1;80x45;7x7;359700
1;80x45;9x9;473900
1;80x45;11x11;371900
1;80x45;13x13;368400
1;80x45;15x15;358300
5;1280x720;3x3;32172900
5;1280x720;5x5;25950600
5;1280x720;7x7;48975000
5;1280x720;9x9;47831700
5;1280x720;11x11;48345800
5;1280x720;13x13;22746600
5;1280x720;15x15;6001100
4;640x360;3x3;913000
4;640x360;5x5;21677400
4;640x360;7x7;25265900
4;640x360;9x9;1252200
4;640x360;11x11;28219700
4;640x360;13x13;1016800
4;640x360;15x15;13459300
3;320x180;3x3;15236200
3;320x180;5x5;1369300
3;320x180;7x7;13559700
3;320x180;9x9;30645000
3;320x180;11x11;22190800
3;320x180;13x13;803000
3;320x180;15x15;614200
2;160x90;3x3;588600
2;160x90;5x5;670500
2;160x90;7x7;8863100
2;160x90;9x9;538100
2;160x90;11x11;652100
2;160x90;13x13;18089400
2;160x90;15x15;24181800
1;80x45;3x3;508400
1;80x45;5x5;525100
1;80x45;7x7;1601000
1;80x45;9x9;365900
1;80x45;11x11;685000
1;80x45;13x13;1004400
1;80x45;15x15;545000
